Modern	Original	Frequency in original
capítulo	capitulo	27
xiii	xiii	1
.	.	407
.	c.	1
.	:	1
das	das	55
febres	febres	54
malignas	malignas	28
malignas	maligas	1
malignas	maligmas	1
quando	quando	61
quando	quãdo	1
um	hum	137
um	hũ	4
um	de	1
marinheiro	marinheiro	1
da	da	164
equipagem	equipagem	2
de	de	736
navio	navio	1
mercantil	mercantil	1
é	he	201
é	o	1
é	verdade	1
é	a	1
é	conveniente	2
atacado	ataco	1
atacado	atacado	1
febre	febre	70
maligna	maligna	11
,	,	2621
raro	raro	9
que	que	834
que	qae	1
que	q	5
que	~q	2
que	aindaque	1
os	os	299
os	as	1
outros	outros	23
o	o	654
não	naõ	248
não	naô	3
não	não	7
não	aproveitando	1
não	só	1
sejam	sejaõ	6
sucessivamente	successivamente	1
:	:	51
eu	eu	48
tenho	tenho	19
visto	visto	5
mais	mais	130
uma	huma	154
uma	a	1
uma	hũa	7
vez	vez	9
navios	navios	5
desarmados	desarmados	1
pela	pela	27
quantidade	quantidade	15
doentes	doentes	76
doentes	doontes	1
doentes	dontes	1
foram	foraõ	2
atacados	atacados	3
delas	dellas	7
;	;	409
este	este	41
mal	mal	13
tanto	tanto	24
perigoso	perigoso	3
quanto	quanto	18
sintomas	symptomas	19
sintomas	febres	1
sintomas	mortaes	1
sintomas	cresceraõ	1
acompanham	acompanhaõ	1
no	no	125
seu	seu	24
princípio	principio	7
parecem	parecem	4
muitas	muitas	52
vezes	vezes	91
vezes	vezês	1
pouca	pouca	13
consequência	consequencia	7
faz	faz	22
elas	ellas	10
se	se	586
se	ae	1
desprezem	desprezem	1
e	e	541
e	&	245
cheguem	cheguem	1
a	a	620
a	á	1
a	tema	1
estar	estar	17
nos	nos	38
últimos	ultimos	4
extremos	extremos	3
antes	antes	18
tenha	tenha	9
percebido	percebido	1
estão	estáõ	1
estão	estaõ	18
há	ha	52
há	à	1
com	com	236
tudo	tudo	16
tudo	tudo-se	1
são	saõ	61
são	saó	1
são	sam	1
são	sao	1
anunciadas	annunciadas	1
muitos	muitos	30
dias	dias	37
por	por	139
por	pór	1
número	numero	3
correios	correios	1
vem	vem	4
diante	diante	1
tais	taes	12
tais	delirios	1
como	como	92
como	tomo	1
pulso	pulso	30
pulso	pulfo	1
lento	lento	1
oprimido	opprimido	1
lassidão	lassidaõ	1
acompanhada	acompanhada	6
tristeza	tristeza	1
fastio	fastio	9
peso	pezo	5
na	na	59
boca	bocca	8
boca	lingua	1
boca	boca	14
do	do	237
estômago	estomago	37
grossa	grossa	1
língua	lingua	12
língua	bocca	1
língua	língua	2
as	as	149
gengivas	gingivas	1
gengivas	gengivas	1
dentes	dentes	3
cobertos	cobertos	2
cobertos	cubertos	1
matéria	materia	2
amarelada	amarellada	1
glutinosa	glutinosa	1
verdoenga	verdoenga	1
assim	assim	30
vão	vaõ	4
arrastando	arrastando	1
marinheiros	marinheiros	10
tendo	tendo	13
todo	todo	25
alimento	alimento	3
até	até	23
até	atè	13
chegam	chegaõ	2
enfim	em	1
enfim	fim	1
sucumbir	succumbir	1
poder-se-iam	poder-se-hiaõ	2
pois	pois	21
prevenir	prevenir	3
estas	estas	26
estas	eftas	1
doenças	doenças	10
obrigando-os	obrigando-os	1
observar	observar	6
dieta	dieta	7
tomar	tomar	20
ar	ár	7
ar	ar	22
sobre	sobre	32
convés	convez	1
dando-lhes	dando-lhes	1
dando-lhes	dandolhes	1
vomitório	vomitorio	18
vomitório	vomitotio	1
n.	n.	28
n.	n	1
21.	21.	5
fazendo-lhes	fazendo-lhes	1
depois	depois	43
duas	duas	40
ou	ou	231
três	tres	29
três	três	2
três	trez	4
porções	porções	4
dia	dia	49
dos	dos	78
dos	dous	1
pós	pós	6
pós	pòs	1
n.º	n.º	16
i7.	i7	1
limonada	limonada	3
água	agoa	59
água	agua	19
vinagre	vinagre	9
porque	porque	97
eles	elles	45
eles	eles	1
ficam	ficaõ	4
debaixo	debaixo	8
conveses	convezes	2
aonde	aonde	10
amontoados	amontoados	1
confusamente	confusamente	1
principalmente	principalmente	15
pouco	pouco	26
numerosa	numerosa	1
eis-aí	eis-ahi	1
começam	começaõ	6
emanações	emanações	1
mefíticas	mefiticas	1
respiram	respiraõ	4
nestes	nestes	2
lugares	lugares	1
está	está	15
está	esta	4
carregado	carregado	3
inficionar	inficionar	1
toda	toda	12
membrana	membrana	1
pituitária	pituitaria	1
nariz	nariz	4
seios	seios	1
face	face	1
brônquios	bronquios	1
daí	dahi	1
transportam	transportaõ	1
para	para	212
para	pára	1
túnicas	tunicas	2
causa	causa	15
em	em	215
tempo	tempo	54
propagam	propagão	1
pegam	pegaõ	2
verdadeira	verdadeira	4
inoculação	innoculaçaõ	1
enxertia	enxertia	1
prostração	prostracçaõ	1
abatimento	abatimento	2
perda	perda	1
total	total	2
forças	forças	13
desde	desde	6
desde	des-de	1
sinas	signaes	1
caracteriza	caracterezaõ	1
distinguem	distinguem	2
outras	outras	19
espécies	especies	3
podres	podres	13
sintoma	symptoma	6
particular	particular	6
parece	parece	8
indicar	indicar	2
destas	destas	8
consiste	consiste	1
corrupção	corrupçaõ	3
corrupção	corrupção	2
depravação	depravaçaõ	2
humores	humores	21
sangue	sangue	19
enfraquecimento	enfraquecimento	1
partes	partes	10
orgânicas	organicas	1
sólidas	sólidas	1
podem	podem	7
podem	pódem	3
desempenhar	desempenhar	1
suas	suas	7
funções	funções	1
ajuntai	ajuntai	1
isto	isto	19
miasma	miasma	1
insensível	insensivel	2
heterogêneo	heterogeneo	1
subtil	subtil	1
certo	certo	10
veneno	veneno	5
espalhado	espalhado	1
pelo	pelo	34
ataca	ataca	2
nervos	nervos	2
peste	peste	4
pode	póde	13
pode	pode	7
ver	ver	2
espécie	especie	12
elevada	elevada	1
ao	ao	126
alto	alto	2
grão	grão	4
grão	gráo	1
grão	graõ	1
vós	vós	1
tereis	tereis	4
esta	esta	37
produzida	produzida	1
pelas	pelas	8
carnes	carnes	1
legumes	legumes	1
peixes	peixes	1
alimentos	alimentos	3
corruptos	corruptos	2
sustentam	sustentaõ	2
muitíssimas	muitissimas	5
má	má	6
qualidade	qualidade	18
bebem	bebem	2
úmido	humido	1
úmido	attralido	1
muito	muito	93
muito	mui	10
muito	muy	6
quente	quente	28
verão	veraõ	5
limpeza	limpeza	2
exercício	exercicio	2
ainda	ainda	33
ainda	airda	1
ainda	aindaque	1
constituição	constituiçaõ	3
epidêmica	epidemica	1
espalhada	espalhada	1
certos	certos	8
países	paizes	2
pantanosos	pantanosos	2
aportam	aportaõ	2
preciso	precizo	14
preciso	necessario	4
preciso	preciso	17
corromper	corromper	1
seus	seus	12
enfraquecer	enfraquecer	1
órgãos	orgãos	1
circulam	circulaõ	1
dar	dar	64
dar	dár	2
lugar	lugar	15
às	ás	11
às	as	1
às	às	1
?	?	1
além	além	5
além	àlem	1
já	ja	9
já	já	9
já	jà	6
disse	disse	3
ser	ser	33
sinal	signal	2
característico	caracteristico	1
distintivo	distinctivo	1
experimentam	experimentaõ	4
examiná-los	examina-los	1
miudamente	miudamente	3
insensíveis	insensiveis	1
rosto	rosto	9
olhos	olhos	4
totalmente	totalmente	4
mudados	mudados	1
sentem	sentem	8
dentro	dentro	13
si	si	12
mesmos	mesmos	7
seguidos	seguidos	3
horripilações	horripilações	1
significa	significa	1
tremores	tremores	3
interiores	interiores	1
quero	quero	8
dizer	dizer	17
dizer	dizir	1
irregulares	irregulares	2
entre	entre	13
couro	couro	2
carne	carne	3
estes	estes	41
estes	eftes	1
algum	algum	21
calor	calôr	5
calor	calor	13
cujo	cujo	4
estado	estado	18
tem	tem	48
tem	tema	1
mudança	mudança	5
notável	notavel	2
indique	indique	1
mostre	mostre	1
algumas	algumas	30
algumas	algunas	1
queixam	queixaõ	3
grande	grande	39
dor	dôr	23
dor	dòr	1
dor	dor	4
cabeça	cabeça	26
rins	rins	3
corpo	corpo	15
alguma	alguma	29
alguma	alg	1
mas	mas	48
moídos	moidos	1
quebrantados	quebrantados	2
tivessem	tivessem	3
levado	levado	2
pancadas	pancadas	1
desmaios	desmaios	2
(	(	30
sempre	sempre	12
mau	máo	10
agouro	agouro	2
raras	raras	6
escapam	escapaõ	1
)	)	28
agonias	agonias	5
coração	coraçaõ	9
convulsões	convulsões	1
braços	braços	4
nas	nas	32
mãos	mãos	10
todos	todos	38
sentidos	sentidos	2
entorpecidos	entorpecidos	1
sua	sua	20
carregada	carregada	3
côdea	dôr	1
vermelho	vermelho	4
escuro	escuro	2
ela	ella	12
geral	geral	4
menos	menos	38
seca	secca	7
árida	arida	1
primeiros	primeiros	8
doença	doença	46
doença	doenças	1
saúde	saúde	1
saúde	saüde	1
saúde	saude	7
denegrida	denegrida	2
senão	senaõ	12
lá	lá	3
fim	fim	8
finalmente	finalmente	11
alguns	alguns	8
fixa	fixa	2
parte	parte	33
baixo	baixo	17
ventre	ventre	16
cadáveres	cadaveres	1
aberto	aberto	1
tinham	tinhaõ	7
queixado	queixado	1
deita	deita	1
manifestado	manefestado	1
atacava	atacava	1
estava	estava	13
gangrenada	gangrenada	1
decurso	decurso	7
ordinariamente	ordinariamente	14
ordinariamente	ordinariamerte	1
pequeno	pequeno	12
fraco	fraco	6
ligeiro	ligeiro	4
natural	natural	4
ele	elle	15
ele	ele	1
acelerado	accelerado	1
naqueles	naquelles	1
têm	tem	12
teso	tezo	3
pele	pelle	7
cobre	cobre	1
também	tambem	24
moléstia	molestia	6
nódoas	nodoas	2
vermelhas	vermelhas	2
escuras	escuras	1
assimilam	assimilhaõ	1
mordeduras	mordeduras	1
pulgas	pulgas	1
chamam	chamaõ	6
pintas	pintas	1
tão	taõ	39
tão	tam	3
tão	tão	2
grandes	grandes	13
impressas	impressas	1
assinaladas	assignaladas	1
recebido	recebido	1
chicotadas	chicotadas	1
aquelas	aquellas	4
circunscritas	circumscriptas	1
redondas	redondas	2
anunciam	annunciaõ	1
perigo	perigo	15
espalhadas	espalhadas	1
outra	outra	37
últimas	ultimas	1
denotam	denotaõ	1
maior	maior	7
maior	mayor	11
urinas	ourinas	2
claras	claras	3
pura	pura	4
depõe	depõe	1
coisa	couza	3
coisa	cousa	5
fundo	fundo	1
valo	valo	1
solturas	solturas	1
matérias	materias	11
lançam	lançaõ	1
amarelas	amarellas	2
verdes	verdes	3
negras	negras	2
exalam	exhalaõ	3
cheiro	cheiro	4
cadavérico	cadaverico	2
más	más	2
fluxo	fluxo	1
alivia	allivia	5
alivia	alliviaõ	1
então	entaõ	32
então	entraõ	1
então	entaô	1
acabam	acabaõ	1
bem	bem	43
depressa	depressa	4
depressa	pressa	1
tristes	tristes	2
vida	vida	11
tinha	tinha	11
parentesco	parentesco	1
efeito	effeito	10
efeito	efeito	1
observam-se	observaõ-se	1
depósitos	depositos	1
críticos	criticos	1
salutíferos	salutiferos	2
supurar	suppurar	1
terminam	terminaõ	2
hemorragias	hemorrhagias	1
disenterias	dysenterias	1
mortais	mortaes	5
provam	provaõ	1
dissolução	dissoluçaõ	1
nestas	nestas	4
peito	peito	16
embaraçar-se	embaraçar-se	1
umas	humas	9
umas	hũas	1
cedo	cedo	4
cedo	fedo	1
tarde	tarde	11
manifesta	manifesta	5
esperar	esperar	4
sobrevivam	sobrevivaõ	1
quarenta	quarenta	3
oito	oito	5
horas	horas	30
determinar	determinar	11
nada	nada	4
fixo	fixo	1
duração	duraçaõ	3
corre	corre	2
períodos	periodos	1
morrem	morrem	5
sétimo	setimo	5
oitavo	oitavo	1
chega	chega	2
aos	aos	64
quatorze	quatorze	6
estende	extende	1
mesmo	mesmo	57
vinte	vinte	9
segundo	segundo	13
força	força	5
compleição	compleiçaõ	1
doente	doente	58
bom	bom	13
tratamento	tratamento	10
observa-se	observa-se	2
fazem	fazem	14
fazem	fizem	1
surdos	surdos	1
tornam	tornaõ	3
recobrar	recobrar	3
ouvido	ouvido	2
modo	modo	13
prolongar	prolongar	2
pode-se	pode-se	2
pode-se	póde-se	1
cura	cura	3
atendendo	attendendo	1
aquilo	aquillo	3
dito	dito	10
respeito	respeito	2
será	será	11
fácil	facil	1
penso	penso	1
distingui-las	distigui-las	1
contínuas	continuas	3
verdade	verdade	8
caracterizam	caracterizaõ	1
primeiras	primeras	1
primeiras	primeiras	3
examinado	examinado	1
encontram	encontraõ	1
juntos	juntos	6
basta	basta	7
haja	haja	6
haja	aja	3
deles	delles	12
tratar	tratar	2
combinar	combinar	1
prudência	prudencia	2
cada	cada	27
enganar	enganar	1
sangria	sangria	23
inútil	inutil	2
perniciosa	perniciosa	1
achem	achem	4
acompanhadas	acompanhadas	1
inflamatório	inflammatorio	4
conhecerá	conhecerá	2
pelos	pelos	10
sinais	signaes	3
sinais	sinaes	2
particulares	particulares	5
mostrei	mostrei	2
precedente	precedente	3
houvesse	houvesse	1
houvesse	ouvesse	1
cérebro	cerebro	5
estivesse	estivesse	1
vasos	vasos	5
cheios	cheios	1
cheios	cheyos	3
seria	seria	12
conveniente	conveniente	14
fazer	fazer	46
pé	pé	5
preferência	preferencia	1
braço	braço	3
serve	serve	6
curar	curar	20
delírio	delirio	5
semelhante	similhante	1
acumulação	accumulaçaõ	2
acumulação	accumalaçaõ	1
qualquer	qualquer	19
outro	outro	25
caso	caso	16
contrária	contraria	1
devem	devem	13
rigorosa	rigorosa	1
abster-se	abster-se	3
caldos	caldos	3
creme	creme	3
arroz	arrôz	3
pão	paõ	2
pão	páo	1
lavado	lavado	3
bebida	bebida	16
misturada	misturada	5
gotas	gotas	4
gotas	gottas	2
espírito	espirito	1
enxofre	enxofre	7
vitríolo	arrôz	1
vitríolo	vitriolo	7
puderem	puderem	3
procurar	procurar	4
limões	limões	1
tomarão	tomaráõ	2
mesinhas	mezinhas	4
cozimento	cozimento	15
4	4	6
terceiro	terceiro	7
far-se-ão	saz-se-haõ	1
vomitar	vomitar	17
remédio	remedio	41
remédio	remédio	1
11.	11.	2
houver	houver	10
diarreia	diarrhéa	7
necessário	necessario	14
vomitórios	vomitorios	5
acumulações	accumulações	1
chegado	chegado	1
formado	formado	2
estagnação	estagnaçaõ	1
coleção	collecçaõ	1
embaraço	embaraço	2
fígado	figado	5
tenham	tenhaõ	10
perdido	perdido	4
todas	todas	13
todas	rodas	1
reduzido	reduzido	1
primeira	primeira	10
dão	daõ	6
dão	daô	1
fizerem	fizerem	4
bastante	bastante	3
conservarem	conservarem	1
podem-se	podem-se	2
repetir	repetir	6
seguinte	seguinte	12
dar-se-á	dar-se-ha	3
porção	porçaõ	8
31.	31.	1
evacuará	evacuará	1
nocivas	nocivas	1
sem	sem	55
fatigar	fatigar	1
impedirá	impedirá	2
destruirá	destruirá	1
vermes	vermes	1
fortificará	fortificará	1
tripas	tripas	5
prejudicar	prejudicar	2
evacuações	evacuações	5
necessárias	necessarias	4
continuação	continuaçaõ	3
sobrevém	sobrevém	3
esgota	esgota	1
esgota	esgotaõ	1
enfraquece	enfraquece	1
aliviar	alliviar	2
aliviar	aliviar	1
neste	neste	15
áspera	aspera	1
concentrado	concentrado	2
moderar	moderar	3
evacuação	evacuaçaõ	14
transpiração	transpiraçaõ	7
saudável	saudavel	1
conseguir	conseguir	3
uso	uso	14
bolo	bolo	3
25.	25.	1
26	26	1
dar-se-ão	dar-se-haõ	1
remédios	remedios	45
remédios	remédios	1
alternativamente	alternativamente	3
passadas	passadas	1
colher	colher	9
acabem	acabem	1
usam	usaõ	1
acharem	acharem	3
fracos	fracos	2
far-se-lhe-á	far-se-lhe-ha	1
somente	sómente	4
somente	somente	1
quatro	quatro	23
26.	26.	1
oitava	oitava	4
teriaga	theriaga	1
diascórdio	diascordio	2
vinho	vinho	6
fosse	fosse	6
forte	forte	12
preferir-se-ia	preferir-se-hia	1
à	á	10
à	à	13
teriagas	theriaga	1
apesar	a	1
apesar	pezar	1
destes	destes	16
continuassem	continuassem	1
fraqueza	fraqueza	5
percebesse	percebesse	1
formava	formava	1
perder	perder	3
quartos	quartos	1
hora	hora	30
27.	27.	1
aplicar	applicar	8
barrigas	barrigas	5
pernas	pernas	6
coxas	côxas	1
nuca	nuca	2
emplastros	emplastros	4
vesicatórios	vesicatorios	4
estiverem	estiverem	6
adormentados	adormentados	1
sonolentos	somnolentos	1
cabeludo	cabelludo	1
ter	ter	28
rapado	rapado	1
visse	visse	3
surdo	surdo	1
vede	vêde	2
vede	vê-de	1
vede	vède	1
vede	vede	1
cantáridas	cantharidas	3
deve-se	deve-se	6
conservar	conservar	8
cuidado	cuidado	17
supuração	suppuraçaõ	2
suposto	supposto	2
mordido	mordido	1
boas	boas	1
empolas	empollas	1
bexigas	bexigas	3
restabelecê-las	restabelece-las	1
diminuírem	diminuirem	1
aplicação	applicaçaõ	6
novos	novos	2
misturando	misturando	1
unguento	unguento	10
basilicão	basilicaõ	1
curam	curaõ	3
pitadas	pitadas	1
pó	pó	5
prática	prática	2
cotidiana	quotidiana	1
provado	provado	1
professores	professores	2
tratado	tratado	1
tratam	trataõ	2
espirituosos	espirituosos	1
voláteis	volateis	1
alexetérios	alexiterios	1
povo	povo	1
charlatães	charlatães	1
gabam	gabaõ	1
olham	elhaõ	1
específicos	especificos	1
lançar	lançar	5
fora	fóra	12
fora	fora	3
fora	de	1
dizem	dizem	3
malignidade	malignidade	4
proscritos	proscritos	1
nenhum	nenhum	6
bezoárticos	bezoarticos	3
orientais	orientaes	1
ocidentais	occidentaes	1
inúteis	inuteis	2
verdadeiros	verdadeiros	2
nenhuma	nenhuma	4
virtude	virtude	9
fossem	fossem	3
caros	caros	1
raros	raros	1
ninguém	ninguem	1
lembraria	lembraria	1
infelicidade	infelicidade	1
nossa	nossa	1
homens	homens	5
confiança	confiança	3
pôde	póde	3
gastos	gastos	1
naquele	naquelle	3
acha	acha	2
facilidade	facilidade	7
mão	maõ	5
mão	máo	1
demonstrado	demonstrado	1
pestilenciais	pestilenciaes	1
daqueles	daquelles	2
trazem	trazem	1
deste	deste	9
nome	nome	3
composição	composiçaõ	1
artificial	artificial	1
entra	entra	3
almíscar	almiscar	1
âmbar	ambar	1
palavra	palavra	2
obra	obra	1
miseráveis	miseraveis	1
judeus	judeos	1
vendem	vendem	1
caro	caro	1
ignorantes	ignorantes	1
aplicar-se	applicar-se	1
animais	animaes	5
animais	animass	1
vivos	vivos	4
abertos	abertos	5
gatos	gatos	2
galos	gallos	1
pombos	pombos	17
sido	sido	4
reconhecido	reconhecido	1
me	me	31
atrevo	atrevo	1
assegurar	assegurar	1
recebem	recebem	2
daqui	daqui	1
consolação	consolaçaõ	1
deixam	deixaõ	1
atrair	attrahir	3
vulgo	vulgo	1
pensa	pensa	1
comumente	commummente	1
aumentam	augmentaõ	1
aí	ahi	1
corrompendo	corrompendo	1
atraído	attrahir	1
contrário	contrario	5
contrário	contrário	1
podridão	podridaõ	7
podridão	podridão	1
adquirido	adquirido	2
estavam	estavaõ	2
aplicados	applicados	1
teriam	teriaõ	1
igualmente	igualmente	2
deixassem	deixassem	1
ficar	ficar	3
nele	nelle	6
espaço	espaço	7
experiência	experiencia	7
homem	homem	4
logo	logo	38
ficará	ficará	2
convencido	convencido	1
contrairão	contrahiráõ	1
igual	igual	1
brando	brando	1
moderado	moderado	1
entranhas	entranhas	1
capaz	capaz	7
só	só	27
só	sô	1
só	so	1
agitar	agitar	1
fluido	fluido	1
nervoso	nervoso	1
entorpecido	entorpecido	1
tornar	tornar	7
instante	instante	2
sentimento	sentimento	1
perdê-lo	perde-lo	1
eis-aqui	eis-aqui	5
produzir	produzir	1
aplicações	aplicações	1
aplicações	applicações	1
tirar	tirar	5
utilidade	utilidade	5
deixar	deixar	4
demorar	demorar	1
medo	medo	5
adquiram	adquiraõ	1
nociva	nociva	2
salvo	salvo	3
indicado	indicado	1
obrarem	obrarem	1
achar-se-ão	achar-se-haõ	2
melhor	melhor	20
conhecer	conhecer	11
melhora	melhora	1
dar-se-lhe-á	dar-se-lhe-ha	1
n.31.	n.31	1
parado	parado	2
purgar-se-ão	purgar-se-haõ	2
laxante	laxante	7
14.	14.	5
14.	14	1
pôr-se-ão	por-se-haõ	1
pôr-se-ão	pôr-se-haõ	2
convalescentes	convalescentes	4
convalescença	convalescença	2
tardar	tardar	2
vir	vir	7
vontade	vontade	8
comer	comer	31
boa	boa	8
quina	quina	3
fórmula	formula	3
receita	receita	3
23.	23.	1
casca	casca	1
salutífera	salutifera	2
fortifica	fortifica	1
restitui	restitue	1
elasticidade	elasticidade	1
tom	tom	1
recaída	recahida	1
deveriam	deveriõ	1
portar-se	portar-se	1
restabeleçam	restabeleçaõ	1
observarão	observaráõ	1
foi	foi	5
foi	foy	8
determinado	determinado	3
intermitentes	intermittentes	5
iv	iv	1
peripneumonia	peripneumonia	18
peripneumonia	peripncumonia	1
pleuris	pleuriz	17
pleuris	plenriz	1
inflamação	inflammaçaõ	6
bofe	bofe	8
comum	commua	2
comum	cõmum	1
comum	commum	2
gente	gente	3
mar	mar	1
inconstância	incostancia	1
passagem	passagem	1
repentina	repentina	1
frio	frio	21
costume	costume	3
mudar	mudar	4
vestidos	vestidos	1
molhados	molhados	2
deitar	deitar	5
dormir	dormir	4
exposta	exposta	1
injúrias	injurias	1
etc	&	3
etc	c	1
causas	causas	5
ordinárias	ordinarias	1
desta	desta	7
mesma	mesma	16
demora-se	demora-se	1
pequenos	pequenos	2
menor	menor	2
ocupa	occupa	1
perigosa	perigosa	2
começa	começa	3
tremor	tremor	10
segue-se	segue-se	1
segue-se	seguese	1
combatem-se	combatem-se	1
apressado	apressado	1
duro	duro	11
regular	regular	1
natureza	natureza	5
caminhe	caminhe	1
fazer-se	fazer-se	1
fazer-se	fazerse	1
violento	violento	4
desigual	desigual	1
deve	deve	42
caráter	caracter	3
diz	diz	11
gravativa	gravativa	1
comparar	comparar	1
aquela	aquella	3
padeceriam	padeceriaõ	1
considerável	considerável	1
oprimidos	opprimidos	2
dificuldade	dificuldade	1
respiração	respiraçaõ	3
curta	curta	1
laboriosa	laboriosa	1
dilatar	dilatar	3
receber	receber	2
recebia	recebia	1
obriga	obriga	1
deitados	deitados	2
costas	costas	9
padecem	padecem	4
nesta	nesta	12
situação	situaçaõ	4
bafo	bafo	1
ardente	ardente	5
tosse	tosse	5
dolorosa	dolorosa	1
escarram	escarraõ	3
trabalho	trabalho	3
poucos	poucos	4
escarros	escarros	13
saem	sahem	3
saem	saem	1
sanguinolentos	sanguinolentos	2
puro	puro	1
queixam-se	queixaõ-se	1
inflamado	inflammado	4
abrasado	abrazado	2
pálido	pallido	1
taciturno	taciturno	1
triste	triste	1
consternado	consternado	1
aumenta-se	augmenta-se	3
viva	viva	2
frequente	frequente	1
durarem	durarem	1
obrigados	obrigados	1
estarem	estarem	3
sentados	sentados	1
toma	toma	3
cor	côr	1
lívida	livida	1
põe	põe	2
espantados	espantados	1
deliram	deliraõ	1
dificultosa	difficultosa	1
dificultosa	dificultosa	1
atormentados	atormentados	1
acham	achaõ	7
lhe	lhe	110
seja	seja	26
oferece	offerece	1
socorridos	soccorridos	1
propósito	proposito	2
pintura	pintura	1
horrorosa	horrorosa	1
remediar	remediar	2
feito	feito	13
progresso	progresso	1
tiver	tiver	22
cessado	cessado	1
far-se-á	far-se-ha	2
larga	larga	3
forem	forem	16
moços	moços	4
vigorosos	vigorosos	2
observa	observa	1
sendo	sendo	18
sendo	dendo	1
pequenas	pequenas	4
feitas	feitas	8
diferentes	differentes	8
diferentes	diferentes	1
repetir-se-á	repetir-se-ha	3
opressão	oppressaõ	4
elevarem	elevarem	1
violência	violencia	1
violência	violência	1
sangrias	sangrias	29
ponham	ponhaõ	1
via	via	3
curarem	curarem	1
á	á	1
enquanto	quanto	5
enquanto	em	3
enquanto	enquanto	1
desprezar	desprezar	2
banhos	banhos	4
quentes	quentes	12
deixar-se-ão	deixar-se-haõ	1
meia	meia	3
meia	meya	10
atender-se-á	attender-se-ha	1
tê-los	te-los	1
embrulhados	enbrulhados	1
faça	faça	6
parar	parar	5
suor	suôr	6
suor	suor	14
banho	banho	15
excita	excita	1
fruto	fructo	1
dele	delle	8
devia	devia	3
quinto	quinto	5
subsistir	substistir	1
subsistir	subsistir	1
sentirem	sentirem	2
sufocados	suffocados	2
viscosos	viscosos	3
possam	possaõ	2
expectorar	expectorar	1
próprio	proprio	2
lhes	lhes	24
lhes	1hes	1
facilitar	facilitar	2
saída	sahida	3
vapor	vapor	1
faz-se	faz-se	2
ferver	ferver	2
certa	certa	2
panela	panella	3
panela	panela	2
barro	barro	4
tapado	tapado	1
estendido	estendido	1
guardanapo	guardanapo	1
cega-se-lhe	chega-se-lhe	1
fumo	fumo	2
dela	della	9
sai	sahe	2
introduza	introduza	1
encaminhar	encaminhar	1
meio	meio	5
meio	meyo	6
funil	funil	2
voltado	voltado	1
avessas	avessas	1
devem-se	devem-se	2
continuamente	continuamente	2
pedaços	pedaços	1
panos	pannos	1
panos	panos	1
barretes	barretes	2
lã	lã	5
servem	servem	2
ensopados	ensopados	1
emoliente	emolliente	3
repetir-se-ão	repetir-se-haõ	1
puder	puder	2
suportar	supportar	2
espremer	espremer	1
ambas	ambas	4
pano	panno	1
pano	pano	3
molharem	molharem	1
cama	cama	15
poder-se-lhe-ão	poder-se-lhe-haõ	1
cinco	cinco	15
cinco	sinco	3
pôr	pôr	6
fatigue	fatigue	2
internos	internos	1
dão-se	daõ-se	1
contentar-se	contentar-se	2
beber	beber	8
abundância	abundancia	10
tisana	tifana	1
tisana	tisana	5
5.	5.	2
5.	5	1
terceira	terceira	3
panada	panada	3
nutriente	nutriente	1
servirá	servirá	1
caldo	caldo	12
indicada	indicadaem	1
6	6	3
aumente	augmente	1
esteja	esteja	6
acima	acima	3
acima	assima	1
ditos	ditos	4
bastam	bastaõ	2
volta	volta	3
favorável	favoravel	1
cega-se	chega-se	1
reconhecer	reconhecer	1
quarto	quarto	10
crescimentos	crescimentos	11
crescimentos	crescim	1
violentos	violentos	2
diminuem	diminuem	2
desembaraçada	desembaraçada	1
grossos	grossos	2
abundantes	abundantes	1
assimilar-se	assimilhar-se	1
catarro	catarrho	1
ordinário	ordinario	6
maduro	maduro	1
cozido	cozido	4
tal	tal	21
devemos	devemos	1
esperança	esperança	4
pede	pede	1
colheres	colheres	2
lambedor	lambedor	5
lambedor	lambedôr	1
lambedor	lambeder	1
7.	7.	3
sete	sete	4
nove	nove	2
onze	onze	2
abate	abate	1
diminuir	diminuir	5
expectoração	expectoraçaõ	1
abundante	abundante	3
facilita-se	facilita-se	1
ajuda-se	ajuda-se	1
segunda	segunda	5
xícaras	chicaras	2
infusão	infusaõ	2
infusão	insusaõ	1
infusão	infusão	1
chá	chá	2
flores	flores	1
sabugo	sabugo	1
suores	suores	9
suores	suôres	1
nocivos	nocivos	1
maus	máos	1
favoráveis	favoraveis	1
notar	notar	1
razão	razaõ	10
razão	razão	1
respeita	respeita	1
critica	critica	1
termina	termina	2
muda	muda	2
precedida	precedida	1
acidentes	accidentes	2
metem	metem	1
fraquezas	fraquezas	3
frios	frios	1
palpitações	palpitações	1
opressões	oppressões	1
movimentos	movimentos	4
convulsivos	convulsivos	2
fugir	fugir	1
método	methodo	3
recorrer	recorrer	4
constante	constante	1
produzidos	produzidos	1
esforços	esforços	1
combater	combater	2
livrar-se	livrar-se	1
dessem	dellem	1
seriam	seriaõ	1
capazes	capazes	1
perturbar	perturbar	1
operações	operações	1
embaraçar	embaraçar	1
crise	crise	1
transportar	transportar	2
morbífica	morbifica	1
ia	hia	1
sair	sahir	8
dejecções	dejecções	1
digo	digo	3
formal	formal	1
deposito	deposito	1
matasse	matasse	2
supondo	suppondo	1
fizesse	fizesse	2
interna	interna	1
necessária	necessaria	2
v.	v.	3
gr	gr	1
etc.	c.	1
produzisse	produzisse	1
abscesso	abscesso	1
difícil	dificil	1
transporte	transporte	1
exterior	exterior	1
treze	treze	3
tiverem	tiverem	13
pesada	pezada	1
falta	falta	2
apetite	appetite	2
disso	disso	2
inflamatória	inflammatoria	3
inflamatória	infammatoria	1
tratada	tratada	1
pesar	pezar	3
sucedem	succedem	2
dura	dura	4
casos	casos	7
pedem	pedem	2
atenção	attençaõ	6
exemplo	exemplo	2
ficarem	ficarem	1
queixando	queixando	1
dores	dôres	6
dores	dores	6
reluzentes	reluzentes	1
maçãs	maçãas	1
maçãs	maçans	1
maçãs	maçãs	1
resplandecente	resplandecente	1
anuncia	annuncia	2
hemorragia	hemorrhagia	2
maçã	maçã	1
venta	venta	1
onde	onde	3
estiver	estiver	16
vermelha	vermelha	1
oposta	opposta	1
ventas	ventas	2
dícroto	dicroto	1
bate	bate	1
pulsação	pulsaçaõ	1
atenderem	attenderem	1
poderão	poderáõ	1
poderão	poderaõ	2
seguramente	seguramente	1
prognosticar	prognosticar	1
vê-la	vê-la	1
chegar	chegar	5
ponto	ponto	1
dado	dado	2
admiração	admiraçaõ	3
assistentes	assistentes	2
sucedido	succedido	2
pareça	pareça	2
terminar	terminar	1
sucede	succede	9
saiam	sahiaõ	1
repente	repente	4
param	paraõ	1
supra	suppra	1
incorrem	incorrem	1
acidente	accidente	1
produzido	produzido	3
erro	erro	5
contra	contra	9
terem	terem	3
exposto	exposto	1
tomado	tomado	1
imprudentemente	imprudentemente	1
conselho	conselho	3
quem	quem	7
trata	trata	2
excitar	excitar	1
entregado	entregado	1
paixão	paixaõ	1
violenta	violenta	2
alterar	alterar	1
revoltar	revoltar	1
suceda	succeda	1
provocar	provocar	1
chamar	chamar	3
adiantada	adiantada	2
robustos	robustos	3
lançaram	lançaraõ	1
eram	eraõ	8
eram	erão	1
tintos	tinctos	3
for	fôr	7
for	fór	1
for	fòr	1
for	for	20
assaz	assás	3
ordenar	ordenar	3
copiosa	copiosa	1
fomentações	fomentações	4
emolientes	emollientes	2
inspiração	inspizaçaõ	1
administrados	administrados	1
prontamente	promptamente	2
restabelecem	restabelecem	1
continuar	continuar	5
torna	torna	2
curso	curso	2
idosos	idosos	1
sangrados	sangrados	1
novas	novas	1
sim	fim	2
sim	sim	3
bebidas	bebidas	2
dando-lhe	dando-lhe	1
dando-lhe	dandolhe	3
ajuntarão	ajuntaraõ	1
grãos	grãos	3
kermes	kermes	2
mineral	mineral	1
emplastro	emplastro	6
cantarias	cantharidas	2
largura	largura	1
palma	palma	1
24	24	3
vendo	vendo	5
saírem	sahirem	1
bordas	bordas	1
sepultura	sepultura	2
vesicatório	vesicatorio	1
circunstâncias	circunstancias	5
posso	posso	2
recomendar	recommendar	1
estenderei	estenderei	1
terminação	terminaçaõ	1
nem	nem	37
vômicas	vomicas	1
consequências	confequencias	1
consequências	consequencias	1
chegarem	chegarem	1
porto	porto	1
médicos	medicos	17
médicos	médicos	1
iluminados	illuminados	1
guiarão	guiaráõ	1
socorro	soccorro	2
impossível	impossivel	1
procurassem	procurassem	1
conhece	conhece	3
chama	chama	6
podre	podre	5
biliosa	biliosa	2
pontada	pontada	9
lado	lado	14
chama-se	chama-se	2
bilioso	bilioso	2
tratando	t'ratando	1
trato	trato	1
demora	demora	2
distinguir	distinguir	2
isso	isso	7
isso	islo	1
amarga	amarga	2
saburrosa	saburrosa	4
acre	acre	2
seco	secco	1
seco	seco	1
umidade	humidade	1
incômodo	incommodo	1
arredores	arredores	1
desejos	desejos	8
peripneunonia	peripneunonia	1
amarelo	amarello	1
desfigurado	desfigurado	1
cólera	cólera	1
pequena	pequena	1
ferida	ferida	1
quase	quasi	9
quase	quase	1
aqui	aqui	3
adiante	adiante	2
venham	venhaõ	2
dureza	dureza	4
cuidar-se-á	cuidar-se-ha	1
largas	largas	3
costuma	costuma	3
receio	receio	1
receio	receyo	1
ocasionar	occasionar	1
vista	vista	1
sanguíneos	sanguíneos	1
sanguíneos	sanguineos	1
amolecer	amollecer	2
pulo	pulo	1
pulo	pullo	1
dar-se-lhe-ão	dar-se-lhe-haõ	2
cremor	cremor	1
tártaro	tartaro	5
fará	fará	14
vaso	vaso	3
derreta	derreta	1
misturará	misturará	1
mel	mel	1
servirão	serviraõ	1
preparo	preparo	1
dois	dous	17
dois	dois	1
amolecido	amollecido	3
aproveitar-nos-emos	aproveitar-nos-hemos	1
declinação	declinaçaõ	7
21	21	1
11	11	2
atenda	attenda	1
dá-los	da-los	1
inflamatórios	inflammatorios	1
dissipado	dissipado	1
pessoa	pessoa	7
nimiamente	nimiamente	1
cheio	cheio	6
cheio	chêo	1
cheio	cheyo	2
cujos	cujos	1
estouram	estouraõ	1
esforço	esforço	1
praticar	praticar	2
cirurgiões	cirurgiões	2
porém	pôrem	1
porém	porém	1
porém	porèm	12
morte	morte	6
serem	serem	4
reputados	reputados	1
homicidas	homicidas	1
desejado	desejado	2
passado	passado	3
purgar-se-á	purgar-se-ha	2
14	14	3
humor	humor	6
aplicar-se-ão	applicar-se-haõ	1
único	unico	2
progressos	progressos	1
evitar	evitar	8
funestas	funestas	1
funestas	fumestas	1
reuni	reuni	1
diferem	differem	1
reconhecem	reconhecem	1
compliquem	compliquem	1
juntamente	juntamente	2
única	unica	1
diferença	diferença	3
lados	lados	1
cima	cima	3
cima	sima	4
mama	mamma	2
aguda	aguda	2
punctória	punctoria	1
redobra	redobra	1
tossem	tossem	1
distendido	distendido	1
fura	fura	1
espada	espada	2
propriamente	propriamente	2
observam	observaõ	1
agora	agora	1
vou	vou	1
examinar	examinar	2
variam	variaõ	1
darão	daraõ	2
conhecimento	conhecimento	2
clareza	clareza	1
conduzir	conduzir	1
metodicamente	methodicamente	1
direi	direi	1
direi	direy	1
primeiro	primeiro	22
primeiro	primero	1
sentir	sentir	3
acometimento	acomettimento	1
acometimento	acometamento	1
tarda	tarda	1
manifestar	manifestar	1
pontadas	pontadas	1
passa	passa	2
direito	direito	7
esquerdo	esquerdo	4
fique	fique	7
sobe	sóbe	1
encaminha-se	encaminha-se	1
trás	traz	1
espádua	espadoa	2
atender	attender	3
mudanças	mudanças	1
suceder	succeder	2
prova	proxa	1
prova	prova	2
deu	deu	1
dobrar	dobrar	1
poupar	poupar	1
auxílios	auxilios	1
durado	durado	1
modere	modere	1
cesse	cesse	1
acém	achem	1
vêm-se	vêm-se	1
abatidas	abatidas	1
fazem-se	fazem-se	1
pálidos	pódem	1
apenas	apenas	1
mexer	mexer	1
intermitente	intermittente	5
disparates	disparates	1
respondem	respondem	1
exatamente	exactamente	1
perguntas	perguntas	2
coisas	couzas	1
coisas	cousas	6
ligação	ligaçaõ	1
aparecer	apparecer	1
reanimar	reanimar	1
cataplasma	cataplasma	1
estimulante	estimulante	1
fermento	fermento	2
pimenta	pimenta	1
mostarda	mostarda	1
9	9	2
procuram	procuraõ	1
tirá-los	tira-los	1
princípios	principios	1
achado	achado	4
satisfeito	satisfeito	1
10	10	2
aliviados	alliviados	1
posto	posto	4
subsista	subsista	1
multiplicar	multiplicar	2
necessidade	necessidade	5
multiplicadas	multiplicadas	2
disto	disto	1
curem	curem	1
morram	morraõ	1
lanceta	lanceta	1
convenho	convenho	1
persistirem	persistirem	1
sangrar	sangrar	15
conserve	conserve	2
sou	sou	3
voto	voto	1
vale	vale	1
expô-los	expo-los	1
morrer	morrer	3
fazendo	fazendo	5
excessivo	excessivo	1
observado	observado	2
copiosas	copiosas	1
chegadas	chegadas	1
acalmado	acalmado	1
leve	leve	3
melada	melada	1
10.	10.	2
bastão	bastaõ	2
avizinhá-las	avizinha-las	1
vivas	vivas	2
nunca	nunca	4
pés	pés	6
pés	pès	9
violentas	violentas	2
indiquei	indiquei	1
falso	falso	1
verdadeiro	verdadeiro	3
puramente	puramente	1
assento	assento	1
músculos	musculos	1
falar	fallar	2
falar	falar	1
reumática	rheumatica	1
lança	lança	1
produz	produz	1
nelas	nellas	3
reumatismo	rheumatismo	1
começar	começar	1
imediatamente	immediatamente	3
dorida	dorida	2
4.	4.	2
passe	passe	1
diminuído	diminuido	2
aplicar-se-á	applicar-se-ha	1
viii	viii	1
remitentes	remittentes	7
produzidas	produzidas	1
corruptas	corruptas	5
demoradas	demoradas	1
intestinos	intestinos	3
pâncreas	pancreas	1
glândulas	glandulas	1
entram	entraõ	2
textura	textura	1
mesentério	mesenterio	1
barriga	barriga	1
descrevi	descrevi	1
equipagens	equipagens	1
mercantes	mercantes	1
antecipadamente	anticipadamente	1
incômodos	incómmodos	1
saborosa	saborosa	1
lassidões	lassidões	1
interiormente	interiormente	1
complicadas	complicadas	1
disposição	disposiçaõ	4
examinando	examinando	1
convém	convém	1
mole	molle	1
passar	passar	1
vomitam	vomitaõ	1
espontaneamente	espontaneamente	1
sede	sede	2
amarga-lhe	amarga-lhe	1
urinam	ourinaõ	1
continua	continua	3
continua	continúa	1
noite	noite	5
acaba	acaba	1
manhã	manhã	6
cômoda	cómmoda	1
aumento	augmento	1
crescimento	crescimento	20
crescimento	crefcimento	1
manifesta-se	manifeita-se	1
precedido	precedido	1
regulado	regulado	1
sorte	sorte	5
aquele	aquelle	3
corresponde	corresponde	2
correspondência	correspondencia	2
estabelecer	estabelecer	1
analogia	analogia	1
sezões	sezões	4
sezões	cezões	1
haver	haver	4
haver	aver	1
tranquilidade	trarquilidade	1
tranquilidade	tranquilidade	1
repouso	repouso	1
limpo	limpo	2
variação	variaçaõ	1
variar	variar	2
abandonadas	abandonadas	1
mesmas	mesmas	3
tratadas	tratadas	2
superiores	superiores	2
qual	qual	16
marcha	marcha	2
ordinária	ordinaria	1
vai	vai	4
vai	vay	2
aumentando	augmentando	2
fortes	fortes	1
compridos	compridos	1
falam	fallaõ	1
dormindo	dormindo	2
seguem	seguem	1
diferente	differente	1
persiste	persiste	1
seis	seis	11
descrito	descrito	1
aumentar	augmentar	2
limpando	limpando	1
termina-se	termina-se	1
descargas	descargas	1
seguir	seguir	2
vermelhidão	vermelhidaõ	1
sanguínea	sanguinea	1
moço	moço	3
robusto	robusto	2
vigoroso	vigoroso	1
infamatória	infammatoria	1
junta	junta	4
farão	faraô	1
ímpeto	impeto	1
estender	estender	1
subsistirem	subsistirem	1
aumentarem	augmentarem	1
veja	veja	2
obrigado	obrigado	2
evacuar	evacuar	2
fraca	fraca	1
suspeitar	suspeitar	2
diminuindo	diminuindo	3
desenchendo	desenchendo	1
veias	vêas	1
veias	veas	3
daria	daria	1
passarem	passarem	1
vias	vias	2
sangre	sangre	3
pôr-se-á	pôr-se-ha	2
tisanas	tisanas	1
tomará	tomará	3
mesinha	mezinha	1
feita	feita	3
simplesmente	simplesmente	1
ajuntará	ajuntará	1
azeite	azeite	2
obre	obre	2
naturalmente	naturalmente	1
tomara	tomara	1
copo	cópo	1
copo	copo	1
prefiro	prefiro	1
hoje	hoje	3
convencidos	convencidos	1
sucos	succos	1
extraem	extrahem	1
corrompem	corrompem	1
extraídos	extrahidos	1
vegetais	vegetaes	1
regime	regime	1
umectante	humectante	1
diluir	diluir	1
despegar	despegar	1
aproveitar-se-á	aproveitar-se-ha	1
sossego	socego	1
segue	segue	2
deverá	deverá	1
preferir	preferir	1
indicados	indicados	1
náuseas	nauseas	1
amargosa	amargosa	2
pastacea	pastacea	1
provocar-se-á	provecar-se-ha	1
ação	acçaõ	2
beberão	beberaõ	1
beberão	bebéraõ	1
beberão	beberáõ	1
copos	cópos	2
copos	copos	3
vomitado	vomitado	1
preocupação	preoccupaçaõ	1
emético	emetico	4
irritar	irritar	1
propõe	propõe	1
tremer	tremer	1
saber	saber	4
porquê	porque	1
gostaria	gostaria	1
contudo	comtudo	2
poder	poder	4
desenganar	desenganar	1
compreender	comprehender	1
recear	recear	2
tomando	tomando	3
preparado	preparado	1
afogado	affogado	1
modera	modera	1
fá-la	fa-la	1
suave	suave	2
aqueles	aquelles	2
tomam	tomaõ	2
fatiguem	fatiguem	1
vomitem	vomitem	1
quiserem	quizerem	1
concordo	concordo	1
recheado	recheado	1
tardado	tardado	1
administrar	administrar	1
julgue	julgue	1
concussões	concussões	1
choques	choques	1
produzem	produzem	2
oponha	opponha	1
evacuam	evacuaõ	2
muita	muita	5
fadiga	fadiga	1
sustentar-se-ão	sustentar-se-haõ	1
purgando	purgando	4
laxantes	laxantes	1
evacuado	evacuado	3
sabor	sabor	1
continuam	continuaõ	1
repeti-lo	repeti-lo	1
impedem	impedem	1
conheça	conheça	1
prudente	prudente	3
simples	simples	1
simples	simplez	2
purgante	purgante	3
meteorismo	meteorismo	1
elevação	elevaçaõ	2
inchado	inchado	1
sobressaltos	sobresaltos	1
tendões	tendões	1
pulsos	pulsos	3
viscosas	viscosas	1
acumula	accumulaõ	1
suprir	supprir	2
purgantes	purgantes	1
mezinhas	mezinhas	1
17	17	2
pôs	põs	1
metendo	metendo	1
metendo	mettendo	1
intervalo	intervallo	1
moderem	moderem	1
ponha	ponha	1
bastantemente	bastantemente	1
conservam	conservaõ	1
livre	livre	3
desfazem	desfazem	1
despegam	despegaõ	1
infinitamente	infinitamente	1
diminui	diminue	1
tesura	tesura	1
prepara	prepara	1
semelhantes	similhantes	1
semelhantes	semelhantes	4
libras	libras	1
preparada	preparada	2
tomada	tomada	1
forma	forma	4
forma	fórma	21
fundia	fundia	1
fazia	fazia	3
produzia	produzia	1
inconvenientes	inconvenientes	1
sensivelmente	sensivelmente	1
purgar	purgar	6
usando	usando	1
meios	meios	1
cessará	cessará	1
tornar-se-á	tornar-se-ha	1
restabelecer	restabelecer	1
resta	resta	1
comerá	comerá	1
sopa	sopa	1
irá	irá	1
irá	hirá	3
continuando	continuando	3
tornará	tornará	1
recair	recahir	2
reservados	reservados	1
acautelados	acautelados	1
expõem	expõem	1
chuva	chuva	1
humidade	humidade	1
desprezam	desprezaõ	2
recaem	recahem	1
daquelas	daquellas	1
preservarem	preservarem	1
excessos	excessos	1
frutos	fructos	1
maduros	maduros	1
sadios	sadios	1
fugiram	fugiraõ	1
orvalho	orvalho	1
sol	sol	3
nascer	nascer	1
abster-se-ão	abster-se-haõ	2
sustento	sustento	1
gerar	gerar	1
corrupções	corrupções	1
calores	calores	1
melhores	melhores	3
estômagos	estomagos	3
digerem	digerem	1
dificultosamente	difficultosamente	1
essencial	essencial	1
vigiar	vigiar	1
fato	facto	1
fato	fato	2
atacam	atacaõ	1
ocasião	occasiaõ	1
embaraçada	embaraçada	2
saburra	saburra	1
predispõe	predispõe	1
fazê-las	faze-las	1
principal	principal	2
faltado	faltado	1
preceitos	preceitos	2
demasiadamente	demaziadamente	1
conservar-se-ão	conservar-se-haõ	1
declarar	declarar	1
vulnerárias	vulnerarias	1
suíça	suissia	1
abstinência	abstinencia	1
bastar	bastar	2
desembaraçar	desembaraçar	1
desembaraçará	desembaraçará	1
prevenirá	prevenirá	1
observação	observaçam	3
observação	observaçaõ	1
xlii	xlii	2
causada	causada	1
enchimento	enchimento	5
deram	deraõ	2
degenerou	degenerou	1
venenosa	venenosa	12
chegou	chegou	1
ungido	ungido	2
certamente	certamente	3
morreria	morreria	1
acudira	acudira	1
meu	meu	20
bezoártico	bezoartico	20
cuja	cuja	4
solutiva	solutiva	1
cardíaca	cardiaca	1
lentamente	lentamente	3
danosos	damnosos	1
rebatendo	rebatendo	2
caminho	caminho	1
livrei	livrei	1
estando	estando	16
metido	metido	2
1	1	5
–	–	1
haverá	averá	1
haverá	haverá	2
médico	medico	39
falto	falto	1
ciência	sciencia	1
ignore	ignore	1
galeno	galeno	4
i	i	1
doutores	doutores	1
2	2	3
reprovam	reprovaô	1
procedem	procedem	1
crueza	crueza	1
sei	sei	1
cegueira	cegueira	2
fado	fado	1
infeliz	infelice	1
oráculos	oraculos	1
medicina	medicina	3
mandando	mandando	2
distinção	distinção	1
temperamentos	temperamentos	1
queixando-se	queixandose	1
pesado	pesado	1
vontades	vontades	1
finais	finaes	2
reclamos	reclamos	1
conhecerem	conhecerem	1
necessitam	necessitaõ	2
purgados	purgados	1
cega	cega	1
inconsideradamente	inconsideradamente	1
mandam	mandaõ	4
embargo	embargo	5
mostra	mostra	3
sangram	sangraõ	2
contenda	contenda	1
livram	livraõ	1
milagre	milagre	3
principiantes	principiantes	3
advertir	advertir	7
cometam	commettaõ	1
absurdo	absurdo	1
alguém	alguém	1
alguém	alguem	1
amargores	amargores	4
termos	termos	4
sangrarem	sangrarem	1
matem	matem	2
exporão	exporáõ	1
perigos	perigos	1
confirmação	confirmação	1
confirmação	confirmaçaõ	1
pudera	pudera	2
exemplos	exemplos	3
séculos	seculos	2
passados	passados	1
presentes	presentes	2
escusado	escusado	1
buscar	buscar	1
sobejam	sobejaõ	1
temos	temos	1
casa	casa	15
importuno	importuno	1
infinito	infinito	1
baste	baste	3
mostrarei	mostrarei	1
evidência	evidencia	1
quão	quam	1
errados	errados	1
precipícios	precipicios	1
despenham	despenhaõ	1
cruezas	cruezas	4
reverendo	reverendo	2
padre	padre	4
frei	frey	2
antonio	antonio	3
tancos	tancos	1
religioso	religioso	3
carmelita	carmelita	1
calçado	calçado	1
teve	teve	4
agosto	agosto	2
1665.	1665	1
1665.	.	1
grandíssima	grandissima	1
vários	varios	1
demostravam	demostravaõ	1
procedida	procedida	1
padecia	padecia	4
dianteira	dianteira	1
horrendo	horrendo	1
podia	podia	2
ouvir	ouvir	1
nisso	nisso	1
procedia	procedia	3
carga	carga	3
era	era	20
frade	frade	1
músico	musico	1
costumado	costumado	3
andar	andar	1
festas	festas	1
banquetes	banquetes	1
sedentária	sedentaria	1
regalona	regalona	1
bastantes	bastantes	1
indícios	indícios	1
visita	visita	1
conhecesse	conhecesse	2
convinha	convinha	2
dar-lhe	darlhe	5
onças	onças	9
benedita	benedicta	1
vigorada	vigorada	1
onça	onça	6
angélica	angelica	1
escrópulos	escropulos	1
branco	branco	3
oitavas	oitavas	10
folhas	folhas	6
sene	sene	2
açúcar	agua	1
açúcar	assucar	2
rosado	rosado	4
alexandria	alexandria	2
meus	meus	1
trociscos	trociscos	1
fioravanto	fioravanto	1
pulverizados	polvorizados	1
misturados	misturados	2
galinha	galinha	5
aliviado	aliviado	1
tiraria	tiraria	1
escusariam	escusariaõ	1
bastariam	bastariaõ	1
poucas	poucas	2
chegaria	chegaria	1
3	3	4
escolhesse	escolhesse	1
sangraria	sangraria	1
defuntos	defuntos	1
enterrados	enterrados	1
quis	quiz	2
torto	torto	1
achou	achou	2
pecava	pecava	2
sobreditas	sobreditas	2
purgas	purgas	7
despejar	despejar	1
radicava	radicava	1
enfermidade	enfermidade	6
persuadiu	persuadio	1
ânsias	ancias	4
queixas	queixas	6
procediam	procediaõ	2
fundado	fundado	1
falsa	falsa	1
conjectura	conjectura	1
julgou	julgou	1
deviam	deviaõ	1
antepor	antepor	1
alviducas	alviducas	1
mandou	mandou	1
desgraçado	desgraçado	1
enfermo	enfermo	118
enfermo	enfemo	1
infelizmente	infelizmente	1
tirava	tirava	1
maiores	mayores	4
ardentes	ardentes	2
metia	metia	1
multiplicavam-se	multiplicavaõse	1
vômitos	perturbavaõse	1
vômitos	vomitos	2
cresciam	cresciaõ	1
frialdades	frialdades	1
perturbavam-se	perturbavaõse	1
embaraçava-se	embaraçavase	1
urinava	ourinava	1
sentir-se	sentirse	1
misérias	miserias	1
repetidos	repetidos	1
soluços	soluços	2
moviam	moviaõ	1
compaixão	compaixaõ	1
corações	corações	1
penhascosos	penhascosos	1
aperto	aperto	3
desconfiado	desconfiado	1
chamou	chamou	1
doutor	doutor	2
gregório	gregório	1
jesus	jesus	2
prior	prior	2
convento	convento	3
convento	cõvento	1
dando-me	dandome	1
informação	informaçaõ	1
informar	informar	1
entendi	entendi	3
referidos	referidos	1
confessava	confessava	1
esteve	esteve	2
acordo	acordo	1
sobreditos	sobreditos	4
testemunhavam	testimunhavaõ	1
perguntando	perguntando	1
religiosos	religiosos	2
purgado	purgado	1
responderam	respondéraõ	1
entendera	entendèra	1
origem	origem	1
essa	essa	1
julgara	julgàra	1
convenientes	convenientes	1
confesso	confesso	1
pude	pude	1
achar	achar	1
desculpa	desculpa	1
aumentava	augmentava	1
compasso	compasso	1
repetiam	repetiaõ	1
lembrar-se	lembrarse	1
3.	3	1
aconselha	aconselha	1
suspender	suspender	5
conforme	conforme	7
proveito	proveito	7
dano	damno	2
dano	dano	4
parecia	parecia	2
entendimento	entendimento	1
abraçar	abraçar	1
abominar	abominar	1
excesso	excesso	4
estivessem	estivessem	1
vício	vicio	2
retraídas	retrahidas	1
caiu	cahio	2
mortal	mortal	1
fiquei	fiquei	1
duvidoso	duvidoso	1
resolução	resoluçaõ	2
havia	avia	7
obrar	obrar	6
purgá-lo	purgallo	1
sangrá-lo	sangrallo	1
acrescentar	acrescentar	1
lançar-lhe	lançarlhe	1
lançar-lhe	lançar	1
lançar-lhe	lhe	1
sanguessugas	sanguisugas	1
indicadas	indicadas	1
oculta	occulta	1
angústia	angustia	1
restava	restava	1
rebater	rebater	5
fixar	fixar	2
ateava	ateava	1
virtudes	virtudes	3
juntas	juntas	7
cordial	cordeal	8
cordial	cordial	12
pus	puz	1
temporal	temporal	1
fiado	fiado	2
prodigiosas	prodigiosas	1
curas	curas	1
lho	lho	4
receitei	receitei	2
5	5	2
tomei	tomei	1
pevides	pevides	2
cidra	cidra	2
azeda	azeda	1
raízes	raízes	1
escorcioneira	escorcioneira	4
machucado	machucado	1
mandei	mandei	7
cozesse	cozesse	1
canada	canada	2
comua	commua	1
quartilhos	quartilhos	2
tirasse	tirasse	1
fogo	fogo	4
deitassem	deitassem	2
nela	nella	6
lapata	lapata	1
assucar	assucar	1
deixasse	deixasse	1
quais	quaes	7
ordenei	ordenei	2
coasse	coasse	1
dita	dita	2
expressão	expressaõ	1
faço	faço	2
minha	minha	4
boticários	boticários	1
joão	joão	2
joão	joaõ	4
gomes	gomes	1
silveira	silveira	1
morador	morador	6
chiado	chiado	1
fr	fr	1
manoel	manoel	1
maria	maria	1
boticário	boticario	1
domingos	domingos	1
baptista	baptista	1
leitão	leitaõ	1
paulo	paulo	1
vascolejado	vascolejado	1
revolvido	revolvido	1
fiz	fiz	5
quartilho	quartilho	3
visivelmente	visivelmente	1
aliviando	aliviando	2
brandura	brandura	2
suavidade	suavidade	1
discurso	discurso	1
fez	fez	2
cursos	cursos	11
conhecido	conhecido	1
tanta	tanta	2
diminuição	diminuiçaõ	1
malignos	malignos	5
começou	começou	2
pessoas	pessoas	2
assistiam	assistiaõ	1
respondendo	respondendo	1
acerto	acerto	4
advertência	advertencia	4
perguntavam	perguntavão	1
revelir	revelir	1
vapores	vapores	5
ofendiam	offendiaõ	1
solas	solas	5
escalados	escalados	4
tomaram	tomàraõ	1
fedor	fedor	2
insuportável	insoportavel	1
circunstantes	circunstantes	2
podiam	podiaõ	1
sofrer	sofrer	2
sofrer	soffrer	1
reconheci	reconheci	1
evidente	evidente	2
melhoria	melhoria	2
lhos	lhos	1
fortuna	fortuna	2
misturassem	missturassem	1
óleo	oleo	10
ficasse	ficasse	2
agradavelmente	agradavelmente	1
azedo	azedo	3
incita	incita	1
rebate	rebate	1
corrobora	corrobora	1
reprime	reprime	1
graves	graves	3
autores	authores	5
pudesse	pudesse	2
aproveitar	aproveitar	3
fomentassem	fomentassem	1
teta	teta	1
esquerda	esquerda	1
sovacos	sovacos	1
testículos	testiculos	1
lenimento	lenimento	1
mathiolo	mathiolo	1
banha	banha	1
flor	flor	1
violado	violado	1
sucedidos	succedidos	2
livrou	livrou	2
credito	credito	1
arte	arte	4
gosto	gosto	2
viveu	viveo	2
anos	annos	3
certificar	certificar	1
lembrarão	lembraraõ	1
sucesso	successo	4
7	7	2
admirável	admiravel	3
postos	postos	4
afastar	affastar	1
delírios	delirios	4
escreveram	escrevèraõ	2
romberto	romberto	1
dodoneu	dodoneu	1
falando	fallando	3
seguintes	seguintes	7
palavras	palavras	4
pombo	pombo	2
vivo	vivo	2
escalado	escalado	1
pressa	pressa	1
atado	atado	2
impede	impede	1
subam	subaõ	1
atrai	attrahe	1
subido	subido	1
vence	vence	1
grandíssimas	grandissimas	1
aplaca	aplaca	1
experiências	experiencias	1
mostraram	mostraraõ	1
autor	author	6
louva	louva	3
costumam	costumão	1
costumam	costumaõ	10
sobrevir	sobrevir	2
agostinho	agostinho	1
laurentijs	laurentijs	1
deixa	deixa	1
velhos	velhos	1
plantas	plantas	3
aproveitam	aproveitaõ	2
grandemente	grandemente	1
avexam	avexaõ	1
quentura	quentura	3
chamarão	chamaraõ	1
depravados	depravados	2
venenosos	venenosos	1
acometem	acometem	2
ficando	ficando	2
desafogado	desafogado	1
livra	livra	1
8	8	1
acredita	acredita	1
ferreira	ferreira	2
rosa	rosa	1
dizendo	dizendo	2
revulsórios	revulsorios	1
conservando-os	conservando-os	1
repetindo-os	repetindo-os	1
experimento	experimento	1
aplicam	applicaõ	2
aplicam	aplicaõ	1
alivio	alivio	1
entendo	entendo	1
experimentado	experimentado	1
quererem	quererem	1
cães	cães	1
exalarem	exhalarem	1
intolerável	intoleravel	1
levantasse	levantasse	1
neles	nelles	1
receberam	recebèraõ	1
pestilentos	pestilentes	1
dispõem	applicaõ	1
breves	breves	1
ricardo	ricardo	1
morton	morton	1
apliquem-se	appliquemse	1
daquele	daquelle	2
infante	infante	2
repitam	repitao	1
vigor	vigor	1
mortos	mortos	3
persuade	persuade	1
antepôr	antepôr	1
schrodero	schrodero	2
partido	partido	1
convenientíssimo	convenientissimo	1
aplacar	aplacar	1
frenesis	frenesís	1
atribuo	attribuo	1
louvores	louvores	2
sobredito	sobredito	2
vi	vi	4
fizeram	fizeraõ	2
efeitos	effeitos	1
pareceram	parecèraõ	1
milagrosos	milagrosos	1
mim	mim	4
pusessem	puzessem	1
depenadas	depenadas	1
fariam	fariaõ	1
obras	obras	1
esfriam	esfriaõ	1
atraem	attrahem	1
extinguir	extinguir	4
ardor	ardor	2
impedir	impedir	1
confortar	confortar	1
matar	matar	3
lombrigas	lombrigas	1
gravíssimos	gravissimos	1
utilíssimos	utilissimos	1
asma	asthma	1
mil	mil	1
zacuto	zacuto	1
lusitano	lusitano	1
aproveita	aproveita	1
enjoamentos	enjoamentos	1
conforta	conforta	1
adelgaça	adelgaça	1
infiltrados	infiltrados	1
proveitoso	proveitoso	2
cólicas	colicas	1
frias	frias	5
abre	abre	1
obstruções	obstrucções	1
baço	baço	2
emenda	emenda	1
pestilencial	pestilencial	1
beguino	beguino	1
óleos	oleos	7
dar-se	dar	1
dar-se	se	1
misturado	misturado	4
águas	aguas	1
águas	agoas	1
apropriadas	appropriadas	1
xaropes	xaropes	1
adequados	adequados	1
minderero	minderero	1
obedeça	obedeça	1
tao	tao	1
rendam	rendaõ	1
eficácia	efficacia	1
medicamento	medicamento	2
poderei	poderei	1
proibissem	prohibissem	1
atreveria	atreveria	1
pestilentes	pestilentes	1
alvos	alvos	1
esfregando-os	esfregando-os	1
feridas	feridas	1
procederam	procederam	1
gálico	gallico	1
verrugas	verrugas	1
fístulas	fistulas	1
sesso	sesso	6
infalível	infallivel	1
panarícios	panaricios	1
condição	condição	1
condição	condiçaõ	1
dedo	dedo	3
meter	meter	2
meter	metter	2
possa	possa	11
limão	limaõ	3
assado	assado	5
meterem	meterem	1
panarício	panaricio	1
observei	observei	1
felicissimamente	felicissimamente	1
senhora	senhora	1
visitei	visitei	1
quinta	quinta	2
tive	tive	2
ali	alli	2
fervendo	fervendo	1
repetindo	repetindo	1
esse	esse	1
sarou	sarou	3
misture	misture	2
tanchagem	tanchagem	1
chapeje	chapeje	1
licor	licor	1
infalíveis	infalliveis	1
recolher	recolher	2
pedaço	pedaço	1
camisa	camisa	1
camisa	camiza	9
defunto	defunto	1
crianças	crianças	1
bastou	bastou	1
tornou	tornou	1
lavar	lavar	4
cozida	cozida	9
rosas	rosas	4
balaústias	balaustias	1
murta	murta	2
acipreste	acipreste	1
pulverizar	polvorizar	1
escaravelhos	escaravelhos	1
consta	consta	1
sumos	sumos	1
cobra	cobra	1
tomados	tomados	1
madre	madre	2
almorreimas	almorreimas	1
inchadas	inchadas	1
dolorosas	dolorosas	1
achara	achara	1
seguro	seguro	2
congorsa	congorça	1
marcavala	marcavala	1
lxxxviii	lxxxviii	1
terçã	terçãa	4
terçã	terçã	2
baldados	baldados	1
aproveitou	aproveitou	1
quinaquina	quinaquina	17
curado	curado	2
terçãs	terçans	1
terçãs	terçãs	2
continuas	continuas	1
entrarem	entrarem	1
sentença	sentença	1
cícero	cicero	1
nascem	nascem	1
pátria	patria	1
parentes	parentes	1
amigos	amigos	1
pareceu	pareceo	2
justo	justo	1
escrever	escrever	2
vindouros	vindouros	1
cousas	cousas	1
amadores	amadores	1
ouçam	ouçaõ	1
sucessos	successos	1
passaram	passaraõ	2
espero	espero	2
sabê-los	sabellos	1
junho	junho	2
1695.	1695	1
chamaram	chamaraõ	3
barbuda	barbuda	1
rua	rua	1
cubertos	cubertos	1
padecido	padecido	1
contínua	continua	3
aplicaram	applicaraõ	1
inumeráveis	innumeraveis	1
medicamentos	medicamentos	1
malícia	malicia	2
refinada	refinada	2
desprezou	desprezou	2
diligências	diligencias	2
apertou	apertou	1
ungi-lo	ungillo	1
conflito	conflicto	1
fui	fui	1
chamado	chamado	1
entendendo	entendendo	1
útil	util	2
vencer	vencer	1
paroxismos	paroxismos	1
tercianários	tercianarios	1
atrevi	atrevi	1
ajuntar	ajuntar	2
dar-lhos	darlhos	1
golpe	golpe	1
degolassem	degollassem	1
enfermidades	enfermidades	6
sabia	sabia	1
haviam	haviaõ	1
haviam	aviaõ	1
faltar	faltar	2
condenassem	condemnassem	1
chamassem	chamassem	1
temerário	temerario	2
dava	dava	1
entrava	entrava	2
requisitos	requisitos	2
essencialmente	essencialmente	1
necessários	necessarios	1
felicidade	felicidade	1
ajuntava	ajuntava	1
acudisse	acudisse	1
fermentação	fermentaçaõ	1
febril	febril	2
resolvi	resolvi	2
maiormente	mayormente	3
sezão	sezaõ	10
sezão	cezaõ	4
extrema	extrema	1
reputei	reputei	1
suposição	supposiçaõ	1
pondo	pondo	2
maledicência	maledicencia	2
tomai	tomai	1
sutilissimamente	subtilissimamente	2
polvorizada	polvorizada	1
dez	dez	2
polvorizado	polvorizado	1
camadas	camadas	1
fonte	fonte	2
frasco	frasco	1
revolva	revolva	1
vascoleje	vascoleje	1
tome	tome	5
jejum	jejum	5
acabasse	acabasse	1
feliz	feliz	2
radicalmente	radicalmente	2
papel	papel	3
nomes	nomes	1
curei	curei	2
testemunha	testemunha	2
eminentíssimo	eminentissimo	2
senhor	senhor	3
cardeal	cardeal	2
souza	souza	1
ano	anno	1
1694	1694	1
atrevia	atrevia	1
costumavam	costumavaõ	1
menores	menores	1
cresceram	cresceraõ	1
exacerbaram	exacerbaraõ	1
excederam	excederaõ	1
temi	temi	1
formidável	formidavel	1
escapasse	escapasse	1
valer	valer	1
consideração	consideraçaõ	1
desiguais	desiguaes	1
reputar	reputar	1
tábua	taboa	1
dei	dei	2
salvar	salvar	1
desmedidamente	desmedidamente	1
juízo	juizo	1
conferi	conferi	1
bernardes	bernardes	1
moraes	moraes	1
companheiro	companheiro	1
assistia	assistia	1
comigo	comigo	1
parecendo-lhe	parecendolhe	1
demos	demos	1
maravilhoso	maravilhoso	1
veio	veyo	1
temíamos	temiamos	1
escassamente	escassamente	1
apareceram	apparecèraõ	1
sombras	sombras	1
príncipe	principe	1
poderá	poderá	2
convencer	convencer	1
incredulidade	incredulidade	1
desafeiçoados	desaffeiçoados	1
apontarei	apontarei	1
idênticos	identicos	1
sucederam	succederaõ	1
santa	santa	1
clara	clara	1
soror	soror	1
antonia	antonia	1
mauricia	mauricia	1
ungida	ungida	1
oficio	officio	1
agonia	agonia	1
rezado	rezado	1
ouvia	ouvia	1
falava	fallava	1
informando-me	informandome	1
conheci	conheci	2
terribilidade	terribilidade	1
desfeito	desfeito	1
xícara	chicara	1
escapou	escapou	1
glorioso	glorioso	1
dou	dou	1
dona	dona	1
isabel	isabel	1
guilherme	guilherme	1
mulher	mulher	1
purgativo	purgativo	6
iam	hiaõ	1
temendo	temendo	1
quatorzeno	quatorzeno	1
morresse	morresse	2
cruel	cruel	1
inglaterra	inglaterra	1
esperando	esperando	1
prevenção	prevençaõ	2
dados	dados	1
viesse	viesse	1
branda	branda	2
factível	factivel	1
sucedesse	succedesse	1
temia	temia	1
deus	deos	2
servido	servido	3
entrar	entrar	2
calafrios	calafrios	1
calafrios	escalafrios	1
livrasse	livrasse	1
beneficio	beneficio	1
novembro	nov	1
1705	1705	1
observações	observações	2
observações	obserações	1
maravilhosamente	maravilhosamente	1
aprendam	aprendaõ	4
utilidades	utilidades	1
virem	virem	1
sumo	summo	1
sumo	çumo	1
misturar	misturar	5
purgativos	purgativos	3
dando-o	dando-o	1
descarregando	descarregando	1
talvez	talvez	2
ateia	atea	1
infinitas	infinitas	1
faria	faria	2
escrúpulo	escrupulo	2
privasse	privasse	1
mundo	mundo	1
notícia	noticia	1
proveitosa	proveitosa	2
decorosa	decorosa	1
créditos	creditos	1
estilo	estylo	1
excitou	excitou	1
furor	furor	1
falas	falas	1
sagradas	sagradas	1
retumbam	retumbaõ	1
ecos	eccos	1
injuriosos	injuriosos	1
crédito	credito	1
deixo	deixo	3
doutos	doutos	1
afeiçoados	affeiçoados	1
secreto	secreto	1
atrevem	atrevem	1
praticá-la	praticalla	1
fazerem	fazerem	1
objetos	objectos	1
tantos	tantos	2
tiros	tiros	1
quantos	quantos	2
assestam	assestaõ	1
concedem-me	concedem-me	1
encolhem	encolhem	1
ombros	hombros	1
parecer	parecer	3
alcança	alcança	1
açoite	açoute	1
experimentarem	experimentarem	1
arrependam	arrependaõ	1
acabe	acabe	1
gratificação	gratificaçaõ	1
louvor	louvor	1
opróbrio	opprobrio	1
descrédito	descredito	1
precisamente	precisamente	1
tivesse	tivesse	2
extremidades	extremidades	1
nomear	nomear	1
causar	causar	1
enfado	enfado	1
novatos	novatos	1
misturo	misturo	1
necessitem	necessitem	1
purgar-se	purgarse	1
apartados	apartados	1
celso	celso	1
desesperados	desesperados	1
achardes	achardes	1
risco	risco	1
acudirem	acudirem	1
desusado	desusado	1
obrigação	obrigaçaõ	3
medico	medico	2
nenhumas	nenh	1
esperanças	esperanças	1
inculca	inculca	1
prognóstico	prognostico	1
acudir-lhe	acudirlhe	1
duvidosa	duvidosa	1
covardia	covardia	1
xc	xc	1
ardentíssima	ardentissima	1
ardentíssima	artentissima	1
obstinada	obstinada	1
rebeldia	rebeldia	1
forno	forno	4
pasteleiro	pasteleiro	2
fresca	fresca	5
melhorou	melhorou	1
encomendam	encomendaõ	1
estejam	esstejaõ	1
estejam	estejaõ	3
casas	casas	6
frescas	frescas	3
artificio	artificio	1
janelas	janelas	1
janelas	janellas	3
abafadiças	abafadiças	2
necessariamente	necessariamente	1
incapaz	incapaz	1
temperar	temperar	3
incêndio	incendio	1
gerarem	gerarem	1
espíritos	espiritos	1
faltando	faltando	1
febricitantes	febricitantes	4
infalivelmente	infallivelmente	1
perigarão	perigaraõ	1
tirarão	tiraraõ	1
tirem	tirem	1
cuide	cuide	1
encarecimento	encarecimento	1
referirei	referirei	1
confirmei	confirmei	1
funda	funda	1
julho	julho	2
1668	1668	1
alvaro	alvaro	1
remolares	remolares	1
sacerdote	sacerdote	1
pertinaz	pertinaz	1
zombado	zombado	1
eficazes	efficazes	2
inventou	inventou	1
engenho	engenho	1
obstinação	obstinaçaõ	1
diligência	diligencia	2
obedecia	obedecia	1
comecei	comecei	1
discursar	discursar	1
porfiada	porfiada	1
resistência	resistencia	2
vim	vim	1
entender	entender	2
aposento	aposento	3
janela	janella	2
entrasse	entrasse	1
saísse	sahisse	1
refrigério	refrigerio	1
soubesse	soubesse	1
facilmente	facilmente	2
concorriam	concorriaõ	1
perseverasse	perseverasse	1
respirava	respirava	2
atracado	atracado	1
caloroso	caloroso	1
deitado	deitado	3
inimigos	inimigos	1
antevisto	antevisto	1
escolher	escolher	1
perfeito	perfeito	1
fazendo-se	fazendose	1
fazendo-se	fazendo-se	1
jerônimo	jeronymo	1
dignou	dignou	1
dar-me	darme	1
luz	luz	1
ajudado	ajudado	1
pequenhez	pequenhez	1
ardência	ardencia	1
calmas	calmas	1
assentando	assentando	1
mudassem	mudassem	1
fresco	fresco	3
acertada	acertada	1
conseguiu	conseguio	1
desejava	desejava	1
ajudas	ajudas	4
ameijoada	ameijoada	1
frangão	frangaõ	1
cevada	cevada	2
alface	alface	2
farelos	farelos	2
lavados	lavados	1
ovos	ovos	2
batidas	batidas	1
romper	romper	1
uns	huns	3
farinha	farinha	1
aveia	avea	1
feitos	feitos	1
pouquíssimo	pouquissimo	1
perguntaram	perguntaraõ	1
curiosos	curiosos	1
nevada	nevada	2
incansável	incansavel	1
pregoeiro	pregoeiro	1
caniculares	caniculares	1
cujas	cujas	1
manda	manda	4
fria	fria	16
hipócrates	hippocrates	1
hipócrates	hipocrates	1
estimação	estimaçaõ	1
serenadas	serenadas	1
câmaras	camaras	1
untar	untar	4
abóbora	abobora	1
agraço	agraço	1
aplicando-os	applicando-os	1
guardei	guardei	1
camas	camas	1
golfão	golfaõ	1
sabugueiro	sabugueiro	1
vali	vali	2
colchão	colchaõ	1
odres	odres	1
cisterna	cisterna	2
filha	filha	1
barros	barros	1
ourives	ourives	1
prata	prata	2
netinha	netinha	1
pedralves	pedralves	1
cabral	cabral	1
lacerda	lacerda	1
filho	filho	2
pedro	pedro	1
araujo	araujo	1
ardendo	ardendo	1
incêndios	incendios	1
apagar	apagar	1
colchões	colchões	1
felizmente	felizmente	1
respondo	respondo	1
costumo	costumo	1
usar	usar	2
cúmplices	cumplices	1
renitência	renitencia	1
importariam	importariaõ	1
mudasse	mudasse	1
sombreireiro	sombreireiro	1
tronco	tronco	1
teimosa	teimosa	1
obedeceu	obedeceo	1
soube	soube	1
ficava	ficava	1
fornalha	fornalha	1
fabricavam	fabricavaõ	1
chapéus	chapeos	1
mudá-lo	mudallo	1
importa	importa	2
lavadas	lavadas	2
ares	ares	1
contarei	contarei	1
luis	luis	1
gonçalves	gonçalves	1
camara	camara	1
almotacel	almotacel	1
mor	mòr	1
reino	reyno	1
sucedeu	succedeo	3
criado	criado	1
levantou	levantou	2
alta	alta	3
abrindo	abrindo	1
portas	portas	2
sentido	sentido	2
saiu	sahio	2
guiado	guiado	1
consigo	comsigo	1
cano	cano	3
real	real	2
entrando	entrando	2
desmaiado	desmayado	1
abóbada	abobada	1
temperou	temperou	1
resfriou	resfriou	1
amanhecer	amanhecer	1
causando	causando	1
viram	viraõ	1
levara	levara	1
modernos	modernos	1
pais	seus	1
família	familia	1
importantes	importantes	2
ardentíssimas	ardentissimas	1
tirará	tirará	1
deixem	deixem	1
frenéticos	freneticos	3
frenéticos	frenéticos	1
sós	sós	3
companhia	companhia	3
esperta	esperta	1
cuidadosa	cuidadosa	1
deixarem	deixarem	1
arriscam	arriscaõ	1
deitem	deitem	1
abaixo	abaixo	1
mulheres	mulheres	1
moradoras	moradoras	1
tanoeria	tanoeria	1
morreram	morrèraõ	1
precipitadas	precipitadas	1
frenéticas	freneticas	1
deixaram	deixaraõ	1
espadas	espadas	1
facas	facas	1
armas	armas	1
frenético	frenetico	1
fúria	furia	1
pegar	pegar	1
fechar-lhe	fecharlhe	1
porta	porta	1
quarta	quarta	2
assegurem	assegurem	1
ataduras	ataduras	1
contínuos	continuos	1
soltar	soltar	1
amanhecerem	amanhecerem	1
esgotados	esgotados	1
pampulha	pampulha	1
encomendo	encomendo	2
febricitante	febricitante	2
artifício	artificio	1
respirar	respirar	1
cobrir	cobrir	1
descoberto	descuberto	1
fecharão	fecharaõ	1
poros	póros	2
poros	poros	3
consequentemente	consequentemente	1
proibirá	prohibirá	1
grandíssimo	grandissimo	1
impedimento	impedimento	1
recuperar	recuperar	1
portanto	tanto	1
coberto	cuberto	5
continue	continue	1
xvii	xvii	1
unturas	unturas	11
quaisquer	quaesquer	1
hão	hao	1
hão	haõ	4
166	166	1
empiemático	empiematico	1
tísico	tisico	1
asmático	asmatico	1
bexiga	bexiga	1
suavemente	suavemente	1
gadelha	gadelha	3
dedos	dedos	6
167	167	1
brandamente	brandamente	2
incorporar	encorporar	1
untura	untura	13
sumida	sumida	1
168	168	1
hidrópicos	hydropicos	3
carregando-a	carregando-a	1
incorpore	encorpore	3
conheceres	conheceres	1
observareis	observareis	3
aumentará	augmentará	1
queixa	queixa	9
inflamada	inflammada	1
169	169	1
regra	regra	2
havendo	havendo	1
fareis	fareis	5
ligeiramente	ligeiramente	1
evita	evita	1
azougue	azougue	6
declara	declara	1
170	170	1
opilado	opilado	1
evitai	evitay	1
incorporá-la	encorporalla	1
continuado	continuado	1
xxii	xxii	1
178	178	1
cozimentos	cozimentos	2
gerais	geraes	1
perfeição	perfeição	1
apliquem	appliquem	1
premeditar	permeditar	1
gênero	genero	1
oferecer	offerecer	1
179	179	1
ervas	ervas	1
procurareis	procurareis	1
instrumento	instromento	1
instrumento	instrumento	1
cubra	cubra	1
mandar	mandar	6
queime	queime	1
moderada	moderada	2
180	180	1
manha	manha	1
estará	estará	5
jantar	jantar	2
dareis	dareis	7
serviria	serviria	1
podereis	podereis	1
181	181	1
perguntareis	perguntareis	2
esfriar	esfriar	1
ir	hir	1
lançando	lançando	2
completar	completar	1
sentado	sentado	1
haveis	haveis	1
desamparar	desamparar	1
desmaio	desmayo	5
junto	junto	3
incidente	incidente	2
acabado	acabado	4
enxuto	enxuto	1
fechadas	fechadas	3
182	182	1
façais	façais	1
joelhos	joelhos	1
semicúpio	semicupio	1
mandareis	mandareis	4
sentar	sentar	2
bacia	bacia	3
ireis	hireis	1
jarro	jarro	1
bico	bico	1
escalde	escalde	1
enxugareis	enxugareis	1
semicúpios	semicupios	1
xxix	xxix	1
cólica	colica	3
acudir	acudir	2
ausência	ausencia	1
209	209	1
dando	dando	4
comeu	comeo	1
inclinado	inclinado	4
lançareis	lançareis	3
comuas	commuas	1
referida	referida	3
hum	hum	1
serão	seraõ	2
210	210	1
primeiramente	primeiramente	1
tíbia	tibia	2
211	211	1
erva	erva	1
doce	doce	1
provocativa	provocativa	2
212	212	1
excremento	escremento	1
ratos	ratos	1
bebido	bebido	2
singular	singular	3
provocativo	provocativo	1
213	213	1
calumba	calumba	1
abuta	abuta	1
caiba	caiba	1
vinténs	vintens	1
214	214	1
fel	fel	1
galo	gallo	1
215	215	1
ventosa	ventosa	2
umbigo	embigo	2
repeti-la	repetilla	1
pegada	pegada	1
216	216	1
taleigo	taleigo	1
milho	milho	1
217	217	1
sexto	sexto	1
218	218	1
proceder	proceder	1
tiram	tiraõ	1
sente	sente	1
alívio	alivio	1
aproveitando	aproveitando	1
virá	virá	1
receitar	receitar	1
xxx	xxx	1
importante	importante	1
219	219	1
acontece	acontece	1
g.	g.	2
ajuda	ajuda	8
defensivo	defensivo	4
resulte	resulte	1
enfermeiro	enfermeiro	30
220	220	1
principiar	principiar	1
passada	passada	5
levantar	levantar	1
dará	dará	10
aplicará	applicará	2
221	221	1
acaso	acaso	1
motivo	motivo	1
urgente	urgente	1
esquinência	esquinencia	1
necessite	necessite	1
lançará	lançará	4
obrado	obrado	2
xxxii	xxxii	1
224	224	1
enfermos	enfermos	28
castas	castas	1
cordiais	cordiaes	1
refrigerante	refrigerante	1
ventosas	ventosas	1
225	225	1
ocasiões	occasiões	2
deres	deres	1
inverno	inverno	7
obrou	obrou	1
informares	informares	1
repetição	repetiçaõ	1
xxxiii	xxxiii	1
pedra	pedra	5
bazar	bazar	4
226	226	1
enchereis	enchereis	1
metal	metal	2
possível	possivel	1
chegue	chegue	2
gota	gota	1
xxxiv	xxxiv	1
227	227	1
purga	purga	17
perguntando-lhe	perguntando-lhe	1
determine	determine	3
nisto	nisto	1
resulta	resulta	3
228	228	1
obstante	obstante	2
saiba	saiba	2
dobres	dobres	1
der	der	1
resultar	resultar	1
gravíssimo	gravissimo	3
comido	comido	1
perguntar	perguntar	1
antecedente	antecedente	3
livrar	livrar	1
229	229	1
passou	passou	1
mudarem-se	mudarem-se	1
diversos	diversos	1
dar-lha	dar-lha	2
dirá	dirá	2
230	230	1
arrimadas	arrimadas	1
almofada	almofada	1
vidro	vidro	1
púcaro	pucaro	1
provoca	provoca	1
vômito	naõ	2
vômito	marmello	1
vômito	limaõ	1
231	231	1
enxaguará	enxagoará	1
doçura	doçura	1
tédio	tedio	1
232	232	1
sobrevier	sobrevier	2
ansiedade	anciedade	1
lha	lha	3
podeis	podeis	1
metendo-lhe	mettendo-lhe	2
borrifando-lhe	borrifando-lhe	1
cara	cara	3
bocado	bocado	1
marmelo	marmello	2
cheirando	cheirando	1
bastando	bastando	1
esfregações	esfregações	1
brandas	brandas	1
cócegas	cossegas	1
puxar-lhe	puchar-lhe	1
deitar-lhe	deitar-lhe	1
gema	gema	2
ovo	ovo	2
posta	posta	1
concavidade	concavidade	1
garganta	garganta	1
pondo-se	pondo-se	3
esfrie	esfrie	1
mastigar	mastigar	3
azeitonas	azeitonas	1
apetecer	apetecer	1
233	233	1
equivalentes	equivalentes	1
lance	lance	1
pronta	prompta	2
guardará	guardará	2
venha	venha	1
234	234	1
aquentar	aquentar	1
taxo	taxo	1
lume	lume	3
mexendo	mechendo	1
aquenta	aquenta	1
xl	xl	1
247	247	1
248	248	1
poreis	poreis	2
raiz	raiz	2
alcaçus	alcaçus	1
machucada	machocada	1
ponta	ponta	2
chupando	chupando	1
braseiro	brazeiro	1
recomendando	recomendando	1
xli	xli	1
advertências	advertencias	1
249	249	1
recomendareis	recomendareis	1
àqueles	àquelles	1
esquentam	esquentaõ	1
grave	grave	1
250	250	1
delirantes	delirantes	2
cabeceira	cabeceira	1
propendendo	propendendo	1
aumenta	augmenta	1
baixa	baixa	1
disposta	disposta	1
achaque	achaque	3
251	251	1
suja	çuja	3
vestir-lhe	vestirlhe	1
limpa	limpa	3
enxovalhada	enxovalhada	2
defumada	defumada	2
vestisse	vestisse	2
pegaria	pegaria	1
torne	torne	1
252	252	1
mudareis	mudareis	1
lençóis	lançoes	5
repentinamente	repentinamente	1
enxovalhe	enxovalhe	1
253	253	1
mudarem	mudarem	2
estarão	estaráõ	1
levante	levante	2
despir	despir	1
vestir	vestir	1
reservada	reservada	1
extenso	extenso	1
raspar	raspar	2
humedecer	humedecer	1
254	254	1
gravíssima	gravissima	1
importância	importancia	1
enfermeiros	enfermeiros	1
línguas	linguas	1
secar	secar	1
encher	encher	1
viscosidades	viscosidades	1
originam	originaõ	2
comida	comida	3
debilitam	debilitaõ	1
necessita	necessita	1
refrescando-lhes	refrescando-lhes	1
raspando-lhes	raspando-lhes	1
255	255	1
enxaguar	enxagoar	1
tendo-lhe	tendo-lhe	1
enxaguada	enxagoada	1
raspareis	raspareis	1
256	256	1
conservares	conservares	1
zaragatoa	zaragatoa	3
embrulhareis	embrulhareis	1
sementes	sementes	2
fino	fino	1
redondo	redondo	1
avelã	avelã	1
atando	atando	1
pãozinho	paozinho	1
ministério	ministerio	1
advirto	advirto	1
molhar	molhar	1
pingas	pingas	1
xliii	xliii	1
257	257	1
pedirem	pedirem	2
necessitarem	necessitarem	1
própria	propria	2
prejudicial	prejudicial	1
tirar-lhes	tirar-lhes	1
tirar-lhes	tirarlhes	1
antever	antever	2
precisa	precisa	1
258	258	1
desce	desce	1
ficão	ficaõ	1
doutrina	doutrina	1
avicena	avicena	1
259	259	1
260	260	1
trigueiros	trigueiros	1
coléricos	colericos	2
secos	secos	1
largamente	largamente	2
gordos	gordos	1
claros	claros	1
pratica	pratica	1
visitado	visitado	1
praticado	praticado	1
261	261	1
meses	mezes	3
setembro	setembro	1
pedir	pedir	2
morna	morna	1
xliv	xliv	1
262	262	1
feridos	feridos	1
erisipela	erisipela	1
cabruncos	cabruncos	1
premedite	premedite	1
idade	idade	2
temperança	temperança	1
263	263	1
264	264	1
sarampo	serampo	1
neve	neve	1
cause	cause	1
perigosos	perigosos	1
265	265	1
camarentos	camarentos	1
ferrada	ferrada	2
aço	aço	1
ouro	ouro	1
advertindo	advertindo	2
ferrar	ferrar	1
causaria	causaria	1
tempos	tempos	1
fizer	fizer	2
queixar	queixar	1
arde	arde	1
intestino	intestino	1
tomarem	tomarem	1
266	266	1
pau	páo	1
tamargueira	tamargueira	1
ração	reçaõ	1
apeteça	apeteça	1
abstiver	abstiver	1
sarar	sarar	2
hidropisia	hydropezia	1
hidrópico	hydropico	1
agriões	agriões	2
perrexil	perrexil	1
bebendo	bebendo	1
servindo-lhes	servindo-lhes	1
cozidos	cozidos	1
xlvi	xlvi	1
regimento	regimento	4
272	272	1
agudas	agudas	1
deixando	deixando	2
273	273	1
livres	livres	1
declinado	declinado	1
declarada	declarada	1
274	274	1
sangrador	sangrador	3
caem	cahem	1
sangradores	sangradores	1
rompa	rompa	1
veia	veya	2
rasgada	rasgada	1
275	275	1
desmaiar-se	desmayar-se	1
aquentando	aquentando	1
borrife	borrife	1
podendo	podendo	2
tape	tape	1
276	276	1
causam	causaõ	1
resfria	resfria	1
âmbito	ambito	1
finalizam	fínalizaõ	1
277	277	1
advirta	advirta	1
hospital	hospital	2
ordenado	ordenado	1
mande	mande	1
novamente	novamente	1
reserve	reserve	1
determinações	determinações	1
xlvii	xlvii	1
embarramentos	embarramentos	1
diaforéticos	diaforeticos	2
278	278	1
ajudar	ajudar	1
suar	suar	2
279	279	1
urina	ourina	1
repare	repare	1
capitula	capitula	1
ouvindo	ouvindo	1
vier	vier	2
ocupe	occupe	1
mova	mova	2
descubra	descubra	1
abrigá-lo	abrigallo	1
roupa	roupa	5
280	280	1
limpará	limpará	1
toalha	toalha	1
receba	receba	2
vestirá	vestirá	2
alecrim	alecrim	2
vestida	vestida	1
boi	boy	1
tamanho	tamanho	1
281	281	1
bons	bons	1
aprovados	approvados	1
demasiados	demasiados	1
enfraquecendo	enfraquecendo	2
282	282	1
pegajoso	pegajoso	1
põem	põem	1
untados	untados	1
principia	principia	1
283	283	1
duplique	duplique	1
fazendo-o	fazendo-o	1
voltar	voltar	1
aliviá-lo	aliviallo	1
atará	atará	1
grosso	grosso	1
bandeira	bandeira	1
molhado	molhado	2
abanando	abanando	1
chapéu	chapeo	1
velho	velho	1
284	284	1
copiosos	copiosos	1
querem	querem	1
suficientes	sussicientes	1
impedi-los	impedillos	1
embarrar	embarrar	2
executar	executar	1
embarramento	embarramento	1
emplasto	emplasto	1
receitado	receitado	1
untareis	untareis	1
espinhaço	espinhaço	2
situado	situado	1
costelas	costellas	1
mendosas	mendozas	1
essenciais	essenciaes	1
referidas	referidas	2
vento	vento	1
285	285	1
mandará	mandará	3
botica	botica	1
terra	terra	1
sigilada	figillada	1
armênio	armenio	1
margaritas	margaritas	1
preparadas	preparadas	1
cousa	cousa	1
xarope	xarope	1
secas	secas	1
marmelos	marmellos	1
cerejas	cerejas	1
xlviii	xlviii	1
286	286	1
observando	observando	2
principiou	principiou	1
examine	examine	1
deem	dem	1
premeditou	premeditou	1
experimente	experimente	1
debilidade	debilidade	1
287	287	1
tem-se	tem-se	1
desgraças	disgraças	1
curativo	curativo	1
naquela	naquella	1
determinou	determinou	1
precisado	precisado	1
dilatam	dilataõ	1
288	288	1
reconcentre	reconcentre	1
constipem	constipem	1
descobrem	descobrem	1
lipírias	lipirias	1
lviii	lviii	1
galicados	gallicados	1
318	318	1
use	use	1
cirurgião	cirurgiaõ	6
determinará	determinará	1
carecem	carecem	1
demais	demais	1
toca	toca	1
determinação	determinação	1
determinação	determinaçaõ	1
ensine	ensine	1
319	319	1
recolhida	recolhida	1
meterá	metterá	1
fogareiro	fugareiro	1
brasas	brazas	1
lenha	lenha	1
carvão	carvaõ	1
acesas	acezas	1
quebradas	quebradas	1
fortidão	fortidaõ	1
canelos	canellos	1
ferradura	ferradura	1
320	320	1
dividir	dividir	1
doze	doze	2
reservando	reservando	1
artelho	artelho	1
espalhando	espalhando	1
perto	perto	1
aquecendo	aquecendo	1
esfregará	esfregará	1
aqueça	aqueça	1
consuma	consuma	1
meta	metta	1
enxuta	enxuta	1
cobrirá	cubrirá	1
lençol	lançol	2
passará	passará	5
joelho	joelho	1
fugindo	fugindo	1
inimigo	inimigo	1
untado	untado	2
quadril	quadril	1
321	321	1
principiará	principiará	2
ombro	hombro	2
dada	dada	1
cotovelo	cotovello	1
principiando	principiando	1
acabando	acabando	1
limpar	limpar	1
correr	correr	1
vértebras	vertebras	1
ofender	offender	1
substância	substancia	1
medular	medular	1
assiste	assiste	1
322	322	1
acabada	acabada	1
estendidos	estendidos	1
embrulhará	embrulhará	1
lançando-lhe	lançando-lhe	1
cobrindo-lhe	cobrindo-lhe	1
abrigará	abrigará	1
cobertores	cobertores	1
precisos	precisos	1
moderadamente	moderadamente	1
aflija	afflija	1
irritação	irritaçaõ	1
imediato	immediato	1
transpira	transpira	1
detendo	detendo	1
atuar	actuar	1
circular	circular	1
acidental	accidental	1
conseguem	conseguem	1
melhoras	melhoras	1
existir	existir	1
opinião	opiniaõ	1
praticada	praticada	1
mór	mór	1
nosso	nosso	1
elvas	elvas	1
francisco	francisco	1
xavier	xavier	1
notória	notoria	1
323	323	1
limitado	limitado	1
afligir	affligir	1
sinta	sinta	1
retirar	retirar	1
conservará	conservará	1
arroupado	arroupado	1
mister	mister	1
324	324	1
fica	fica	1
rebentar	rebentar	1
inchar	inchar	1
babar	babar	1
morno	morno	1
passas	passas	2
ameixas	ameixas	1
papas	papas	1
gemas	gemas	1
325	325	1
causarem	causarem	1
lançarão	lançaráõ	1
lavativas	lavativas	1
frango	frango	1
mordacidade	mordacidade	1
movem	movem	1
copioso	copioso	1
deitarão	deitaráõ	1
enxutos	enxutos	1
enxovalhados	enxovalhados	1
defumados	defumados	1
prejuízo	prejuizo	1
326	326	1
termo	termo	1
cipreste	cypreste	1
cana	cana	1
verde	verde	1
boneca	boneca	1
cinza	cinza	1
vides	vides	1
recolhimento	recolhimento	1
lavarão	lavaráõ	1
inferiores	inferiores	1
lavada	lavada	1
entrará	entrará	1
carneiro	carneiro	1
ave	ave	1
pena	penna	1
amêndoas	amendoas	1
327	327	1
beberá	beberá	1
salsa	salsa	4
parrilha	parrilha	1
nova	nova	1
canadas	canadas	1
fendida	fendida	1
atada	atada	1
cozerá	cozerá	1
minguar	minguar	1
apartando-se	apartando-se	1
guardando	guardando	1
meias	meyas	1
cozidas	cozidas	1
per	per	1
irão	hiráõ	1
durar	durar	1
advirta-se	advirta-se	1
lave	lave	1
barba	barba	1
retire	retire	1
madrugada	madrugada	1
nocivo	nocivo	1
