[('CAPITULO', [0]), ('XIII', [1]), ('.', [2])]	[('CAPÍTULO', [0]), ('XIII', [1]), ('.', [2])]
[('Das', [0]), ('Febres', [1]), ('Malignas', [2]), ('.', [3])]	[('Das', [0]), ('Febres', [1]), ('Malignas', [2]), ('.', [3])]
[('QUando', [0]), ('hum', [1]), ('Marinheiro', [2]), ('da', [3]), ('Equipagem', [4]), ('de', [5]), ('hum', [6]), ('Navio', [7]), ('Mercantil', [8]), ('he', [9]), ('ataco', [10]), ('de', [11]), ('febre', [12]), ('maligna', [13]), (',', [14]), ('he', [15]), ('raro', [16]), ('que', [17]), ('os', [18]), ('outros', [19]), ('o', [20]), ('naõ', [21]), ('sejaõ', [22]), ('successivamente', [23]), (':', [24]), ('eu', [25]), ('tenho', [26]), ('visto', [27]), ('mais', [28]), ('de', [29]), ('huma', [30]), ('vez', [31]), ('navios', [32]), ('desarmados', [33]), ('pela', [34]), ('quantidade', [35]), ('de', [36]), ('doentes', [37]), (',', [38]), ('que', [39]), ('foraõ', [40]), ('atacados', [41]), ('dellas', [42]), (';', [43]), ('este', [44]), ('mal', [45]), ('he', [46]), ('tanto', [47]), ('mais', [48]), ('perigoso', [49]), (',', [50]), ('quanto', [51]), ('os', [52]), ('symptomas', [53]), (',', [54]), ('que', [55]), ('o', [56]), ('acompanhaõ', [57]), ('no', [58]), ('seu', [59]), ('principio', [60]), ('parecem', [61]), ('muitas', [62]), ('vezes', [63]), ('de', [64]), ('pouca', [65]), ('consequencia', [66]), (';', [67]), ('o', [68]), ('que', [69]), ('faz', [70]), ('que', [71]), ('ellas', [72]), ('se', [73]), ('desprezem', [74]), (',', [75]), ('e', [76]), ('que', [77]), ('os', [78]), ('doentes', [79]), ('cheguem', [80]), ('muitas', [81]), ('vezes', [82]), ('a', [83]), ('estar', [84]), ('nos', [85]), ('ultimos', [86]), ('extremos', [87]), ('antes', [88]), ('que', [89]), ('se', [90]), ('tenha', [91]), ('percebido', [92]), (',', [93]), ('que', [94]), ('estáõ', [95]), ('doentes', [96]), ('.', [97])]	[('Quando', [0]), ('um', [1]), ('Marinheiro', [2]), ('da', [3]), ('Equipagem', [4]), ('de', [5]), ('um', [6]), ('Navio', [7]), ('Mercantil', [8]), ('é', [9]), ('atacado', [10]), ('de', [11]), ('febre', [12]), ('maligna', [13]), (',', [14]), ('é', [15]), ('raro', [16]), ('que', [17]), ('os', [18]), ('outros', [19]), ('o', [20]), ('não', [21]), ('sejam', [22]), ('sucessivamente', [23]), (':', [24]), ('eu', [25]), ('tenho', [26]), ('visto', [27]), ('mais', [28]), ('de', [29]), ('uma', [30]), ('vez', [31]), ('navios', [32]), ('desarmados', [33]), ('pela', [34]), ('quantidade', [35]), ('de', [36]), ('doentes', [37]), (',', [38]), ('que', [39]), ('foram', [40]), ('atacados', [41]), ('delas', [42]), (';', [43]), ('este', [44]), ('mal', [45]), ('é', [46]), ('tanto', [47]), ('mais', [48]), ('perigoso', [49]), (',', [50]), ('quanto', [51]), ('os', [52]), ('sintomas', [53]), (',', [54]), ('que', [55]), ('o', [56]), ('acompanham', [57]), ('no', [58]), ('seu', [59]), ('princípio', [60]), ('parecem', [61]), ('muitas', [62]), ('vezes', [63]), ('de', [64]), ('pouca', [65]), ('consequência', [66]), (';', [67]), ('o', [68]), ('que', [69]), ('faz', [70]), ('que', [71]), ('elas', [72]), ('se', [73]), ('desprezem', [74]), (',', [75]), ('e', [76]), ('que', [77]), ('os', [78]), ('doentes', [79]), ('cheguem', [80]), ('muitas', [81]), ('vezes', [82]), ('a', [83]), ('estar', [84]), ('nos', [85]), ('últimos', [86]), ('extremos', [87]), ('antes', [88]), ('que', [89]), ('se', [90]), ('tenha', [91]), ('percebido', [92]), (',', [93]), ('que', [94]), ('estão', [95]), ('doentes', [96]), ('.', [97])]
[('Ha', [0]), ('com', [1]), ('tudo', [2]), ('febres', [3]), ('malignas', [4]), (',', [5]), ('que', [6]), ('saõ', [7]), ('annunciadas', [8]), ('muitos', [9]), ('dias', [10]), ('antes', [11]), ('por', [12]), ('hum', [13]), ('numero', [14]), ('de', [15]), ('symptomas', [16]), (',', [17]), ('que', [18]), ('saõ', [19]), ('correios', [20]), (',', [21]), ('que', [22]), ('vem', [23]), ('diante', [24]), ('dellas', [25]), (',', [26]), ('taes', [27]), ('como', [28]), ('hum', [29]), ('pulso', [30]), ('lento', [31]), (',', [32]), ('opprimido', [33]), (',', [34]), ('huma', [35]), ('lassidaõ', [36]), ('acompanhada', [37]), ('de', [38]), ('tristeza', [39]), (',', [40]), ('de', [41]), ('fastio', [42]), (',', [43]), ('hum', [44]), ('pezo', [45]), ('na', [46]), ('bocca', [47]), ('do', [48]), ('estomago', [49]), (',', [50]), ('a', [51]), ('bocca', [52]), ('grossa', [53]), (',', [54]), ('a', [55]), ('lingua', [56]), (',', [57]), ('as', [58]), ('gingivas', [59]), (',', [60]), ('e', [61]), ('os', [62]), ('dentes', [63]), ('cobertos', [64]), ('de', [65]), ('huma', [66]), ('materia', [67]), ('amarellada', [68]), (',', [69]), ('glutinosa', [70]), (',', [71]), ('e', [72]), ('verdoenga', [73]), (';', [74]), ('assim', [75]), ('se', [76]), ('vaõ', [77]), ('arrastando', [78]), ('muitos', [79]), ('dias', [80]), ('os', [81]), ('Marinheiros', [82]), (',', [83]), ('tendo', [84]), ('fastio', [85]), ('a', [86]), ('todo', [87]), ('o', [88]), ('alimento', [89]), (',', [90]), ('até', [91]), ('que', [92]), ('chegaõ', [93]), ('em', [94]), ('fim', [94]), ('a', [95]), ('succumbir', [96]), ('.', [97])]	[('Há', [0]), ('com', [1]), ('tudo', [2]), ('febres', [3]), ('malignas', [4]), (',', [5]), ('que', [6]), ('são', [7]), ('anunciadas', [8]), ('muitos', [9]), ('dias', [10]), ('antes', [11]), ('por', [12]), ('um', [13]), ('número', [14]), ('de', [15]), ('sintomas', [16]), (',', [17]), ('que', [18]), ('são', [19]), ('correios', [20]), (',', [21]), ('que', [22]), ('vem', [23]), ('diante', [24]), ('delas', [25]), (',', [26]), ('tais', [27]), ('como', [28]), ('um', [29]), ('pulso', [30]), ('lento', [31]), (',', [32]), ('oprimido', [33]), (',', [34]), ('uma', [35]), ('lassidão', [36]), ('acompanhada', [37]), ('de', [38]), ('tristeza', [39]), (',', [40]), ('de', [41]), ('fastio', [42]), (',', [43]), ('um', [44]), ('peso', [45]), ('na', [46]), ('boca', [47]), ('do', [48]), ('estômago', [49]), (',', [50]), ('a', [51]), ('boca', [52]), ('grossa', [53]), (',', [54]), ('a', [55]), ('língua', [56]), (',', [57]), ('as', [58]), ('gengivas', [59]), (',', [60]), ('e', [61]), ('os', [62]), ('dentes', [63]), ('cobertos', [64]), ('de', [65]), ('uma', [66]), ('matéria', [67]), ('amarelada', [68]), (',', [69]), ('glutinosa', [70]), (',', [71]), ('e', [72]), ('verdoenga', [73]), (';', [74]), ('assim', [75]), ('se', [76]), ('vão', [77]), ('arrastando', [78]), ('muitos', [79]), ('dias', [80]), ('os', [81]), ('Marinheiros', [82]), (',', [83]), ('tendo', [84]), ('fastio', [85]), ('a', [86]), ('todo', [87]), ('o', [88]), ('alimento', [89]), (',', [90]), ('até', [91]), ('que', [92]), ('chegam', [93]), ('enfim', [94, 95]), ('a', [96]), ('sucumbir', [97]), ('.', [98])]
[('Poder-se-hiaõ', [0]), ('pois', [1]), ('prevenir', [2]), ('estas', [3]), ('doenças', [4]), (',', [5]), ('obrigando-os', [6]), ('a', [7]), ('observar', [8]), ('a', [9]), ('dieta', [10]), (',', [11]), ('a', [12]), ('tomar', [13]), ('ár', [14]), ('sobre', [15]), ('o', [16]), ('convez', [17]), (',', [18]), ('dando-lhes', [19]), ('o', [20]), ('vomitorio', [21]), ('do', [22]), ('N.', [23]), ('21.', [24]), (',', [25]), ('fazendo-lhes', [26]), ('tomar', [27]), ('depois', [28]), ('duas', [29]), (',', [30]), ('ou', [31]), ('tres', [32]), ('porções', [33]), ('por', [34]), ('dia', [35]), ('dos', [36]), ('pós', [37]), ('do', [38]), ('N.º', [39]), ('I7', [40]), ('.', [40]), (',', [41]), ('limonada', [42]), (',', [43]), ('ou', [44]), ('agoa', [45]), ('com', [46]), ('vinagre', [47]), (';', [48]), ('porque', [49]), ('se', [50]), ('elles', [51]), ('ficaõ', [52]), ('debaixo', [53]), ('dos', [54]), ('convezes', [55]), (',', [56]), ('aonde', [57]), ('estaõ', [58]), ('amontoados', [59]), ('confusamente', [60]), (',', [61]), ('principalmente', [62]), ('quando', [63]), ('a', [64]), ('Equipagem', [65]), ('he', [66]), ('hum', [67]), ('pouco', [68]), ('numerosa', [69]), (',', [70]), ('eis-ahi', [71]), ('começaõ', [72]), ('as', [73]), ('emanações', [74]), ('mefiticas', [75]), (',', [76]), ('de', [77]), ('que', [78]), ('o', [79]), ('ár', [80]), (',', [81]), ('que', [82]), ('elles', [83]), ('respiraõ', [84]), ('nestes', [85]), ('lugares', [86]), (',', [87]), ('está', [88]), ('carregado', [89]), (',', [90]), ('a', [91]), ('inficionar', [92]), ('toda', [93]), ('a', [94]), ('membrana', [95]), ('pituitaria', [96]), ('do', [97]), ('nariz', [98]), (',', [99]), ('dos', [100]), ('seios', [101]), ('da', [102]), ('face', [103]), (',', [104]), ('e', [105]), ('dos', [106]), ('bronquios', [107]), (';', [108]), ('dahi', [109]), ('ellas', [110]), ('se', [111]), ('transportaõ', [112]), ('para', [113]), ('as', [114]), ('tunicas', [115]), ('do', [116]), ('estomago', [117]), (';', [118]), ('o', [119]), ('que', [120]), ('causa', [121]), ('em', [122]), ('pouco', [123]), ('tempo', [124]), ('febres', [125]), ('malignas', [126]), (',', [127]), ('que', [128]), ('se', [129]), ('propagão', [130]), (',', [131]), ('e', [132]), ('pegaõ', [133]), ('como', [134]), ('por', [135]), ('huma', [136]), ('verdadeira', [137]), ('innoculaçaõ', [138]), (',', [139]), ('ou', [140]), ('enxertia', [141]), ('.', [142])]	[('Poder-se-iam', [0]), ('pois', [1]), ('prevenir', [2]), ('estas', [3]), ('doenças', [4]), (',', [5]), ('obrigando-os', [6]), ('a', [7]), ('observar', [8]), ('a', [9]), ('dieta', [10]), (',', [11]), ('a', [12]), ('tomar', [13]), ('ar', [14]), ('sobre', [15]), ('o', [16]), ('convés', [17]), (',', [18]), ('dando-lhes', [19]), ('o', [20]), ('vomitório', [21]), ('do', [22]), ('N.', [23]), ('21.', [24]), (',', [25]), ('fazendo-lhes', [26]), ('tomar', [27]), ('depois', [28]), ('duas', [29]), (',', [30]), ('ou', [31]), ('três', [32]), ('porções', [33]), ('por', [34]), ('dia', [35]), ('dos', [36]), ('pós', [37]), ('do', [38]), ('N.º', [39]), ('I7.', [40]), (',', [42]), ('limonada', [43]), (',', [44]), ('ou', [45]), ('água', [46]), ('com', [47]), ('vinagre', [48]), (';', [49]), ('porque', [50]), ('se', [51]), ('eles', [52]), ('ficam', [53]), ('debaixo', [54]), ('dos', [55]), ('conveses', [56]), (',', [57]), ('aonde', [58]), ('estão', [59]), ('amontoados', [60]), ('confusamente', [61]), (',', [62]), ('principalmente', [63]), ('quando', [64]), ('a', [65]), ('Equipagem', [66]), ('é', [67]), ('um', [68]), ('pouco', [69]), ('numerosa', [70]), (',', [71]), ('eis-aí', [72]), ('começam', [73]), ('as', [74]), ('emanações', [75]), ('mefíticas', [76]), (',', [77]), ('de', [78]), ('que', [79]), ('o', [80]), ('ar', [81]), (',', [82]), ('que', [83]), ('eles', [84]), ('respiram', [85]), ('nestes', [86]), ('lugares', [87]), (',', [88]), ('está', [89]), ('carregado', [90]), (',', [91]), ('a', [92]), ('inficionar', [93]), ('toda', [94]), ('a', [95]), ('membrana', [96]), ('pituitária', [97]), ('do', [98]), ('nariz', [99]), (',', [100]), ('dos', [101]), ('seios', [102]), ('da', [103]), ('face', [104]), (',', [105]), ('e', [106]), ('dos', [107]), ('brônquios', [108]), (';', [109]), ('daí', [110]), ('elas', [111]), ('se', [112]), ('transportam', [113]), ('para', [114]), ('as', [115]), ('túnicas', [116]), ('do', [117]), ('estômago', [118]), (';', [119]), ('o', [120]), ('que', [121]), ('causa', [122]), ('em', [123]), ('pouco', [124]), ('tempo', [125]), ('febres', [126]), ('malignas', [127]), (',', [128]), ('que', [129]), ('se', [130]), ('propagam', [131]), (',', [132]), ('e', [133]), ('pegam', [134]), ('como', [135]), ('por', [136]), ('uma', [137]), ('verdadeira', [138]), ('inoculação', [139]), (',', [140]), ('ou', [141]), ('enxertia', [142]), ('.', [143])]
[('A', [0]), ('prostracçaõ', [1]), (',', [2]), ('o', [3]), ('abatimento', [4]), (',', [5]), ('ou', [6]), ('a', [7]), ('perda', [8]), ('total', [9]), ('de', [10]), ('forças', [11]), ('desde', [12]), ('o', [13]), ('principio', [14]), ('do', [15]), ('mal', [16]), (',', [17]), ('saõ', [18]), ('signaes', [19]), (',', [20]), ('que', [21]), ('caracterezaõ', [22]), ('as', [23]), ('febres', [24]), ('maligas', [25]), (',', [26]), ('e', [27]), ('que', [28]), ('as', [29]), ('distinguem', [30]), ('das', [31]), ('outras', [32]), ('especies', [33]), ('de', [34]), ('febres', [35]), ('podres', [36]), ('.', [37])]	[('A', [0]), ('prostração', [1]), (',', [2]), ('o', [3]), ('abatimento', [4]), (',', [5]), ('ou', [6]), ('a', [7]), ('perda', [8]), ('total', [9]), ('de', [10]), ('forças', [11]), ('desde', [12]), ('o', [13]), ('princípio', [14]), ('do', [15]), ('mal', [16]), (',', [17]), ('são', [18]), ('sinas', [19]), (',', [20]), ('que', [21]), ('caracteriza', [22]), ('as', [23]), ('febres', [24]), ('malignas', [25]), (',', [26]), ('e', [27]), ('que', [28]), ('as', [29]), ('distinguem', [30]), ('das', [31]), ('outras', [32]), ('espécies', [33]), ('de', [34]), ('febres', [35]), ('podres', [36]), ('.', [37])]
[('Este', [0]), ('symptoma', [1]), ('particular', [2]), ('parece', [3]), ('indicar', [4]), (',', [5]), ('que', [6]), ('a', [7]), ('causa', [8]), ('destas', [9]), ('febres', [10]), ('consiste', [11]), ('tanto', [12]), ('na', [13]), ('corrupçaõ', [14]), (',', [15]), ('e', [16]), ('na', [17]), ('depravaçaõ', [18]), ('total', [19]), ('dos', [20]), ('humores', [21]), (',', [22]), ('e', [23]), ('do', [24]), ('sangue', [25]), (',', [26]), ('como', [27]), ('no', [28]), ('enfraquecimento', [29]), ('das', [30]), ('partes', [31]), ('organicas', [32]), (',', [33]), ('e', [34]), ('sólidas', [35]), (',', [36]), ('que', [37]), ('naõ', [38]), ('podem', [39]), ('mais', [40]), ('desempenhar', [41]), ('suas', [42]), ('funções', [43]), (';', [44]), ('ajuntai', [45]), ('a', [46]), ('isto', [47]), ('hum', [48]), ('miasma', [49]), (',', [50]), ('ou', [51]), ('hum', [52]), ('principio', [53]), ('insensivel', [54]), ('heterogeneo', [55]), (',', [56]), ('e', [57]), ('subtil', [58]), (',', [59]), ('hum', [60]), ('certo', [61]), ('veneno', [62]), ('espalhado', [63]), ('pelo', [64]), ('ár', [65]), (',', [66]), ('que', [67]), ('ataca', [68]), ('os', [69]), ('nervos', [70]), (',', [71]), ('como', [72]), ('na', [73]), ('peste', [74]), (',', [75]), ('que', [76]), ('se', [77]), ('póde', [78]), ('ver', [79]), ('como', [80]), ('huma', [81]), ('especie', [82]), ('de', [83]), ('febre', [84]), ('maligna', [85]), (',', [86]), ('elevada', [87]), ('ao', [88]), ('seu', [89]), ('mais', [90]), ('alto', [91]), ('grão', [92]), (',', [93]), ('e', [94]), ('vós', [95]), ('tereis', [96]), ('a', [97]), ('verdadeira', [98]), ('causa', [99]), ('das', [100]), ('febres', [101]), ('malignas', [102]), ('.', [103])]	[('Este', [0]), ('sintoma', [1]), ('particular', [2]), ('parece', [3]), ('indicar', [4]), (',', [5]), ('que', [6]), ('a', [7]), ('causa', [8]), ('destas', [9]), ('febres', [10]), ('consiste', [11]), ('tanto', [12]), ('na', [13]), ('corrupção', [14]), (',', [15]), ('e', [16]), ('na', [17]), ('depravação', [18]), ('total', [19]), ('dos', [20]), ('humores', [21]), (',', [22]), ('e', [23]), ('do', [24]), ('sangue', [25]), (',', [26]), ('como', [27]), ('no', [28]), ('enfraquecimento', [29]), ('das', [30]), ('partes', [31]), ('orgânicas', [32]), (',', [33]), ('e', [34]), ('sólidas', [35]), (',', [36]), ('que', [37]), ('não', [38]), ('podem', [39]), ('mais', [40]), ('desempenhar', [41]), ('suas', [42]), ('funções', [43]), (';', [44]), ('ajuntai', [45]), ('a', [46]), ('isto', [47]), ('um', [48]), ('miasma', [49]), (',', [50]), ('ou', [51]), ('um', [52]), ('princípio', [53]), ('insensível', [54]), ('heterogêneo', [55]), (',', [56]), ('e', [57]), ('subtil', [58]), (',', [59]), ('um', [60]), ('certo', [61]), ('veneno', [62]), ('espalhado', [63]), ('pelo', [64]), ('ar', [65]), (',', [66]), ('que', [67]), ('ataca', [68]), ('os', [69]), ('nervos', [70]), (',', [71]), ('como', [72]), ('na', [73]), ('peste', [74]), (',', [75]), ('que', [76]), ('se', [77]), ('pode', [78]), ('ver', [79]), ('como', [80]), ('uma', [81]), ('espécie', [82]), ('de', [83]), ('febre', [84]), ('maligna', [85]), (',', [86]), ('elevada', [87]), ('ao', [88]), ('seu', [89]), ('mais', [90]), ('alto', [91]), ('grão', [92]), (',', [93]), ('e', [94]), ('vós', [95]), ('tereis', [96]), ('a', [97]), ('verdadeira', [98]), ('causa', [99]), ('das', [100]), ('febres', [101]), ('malignas', [102]), ('.', [103])]
[('Esta', [0]), ('corrupção', [1]), (',', [2]), ('e', [3]), ('esta', [4]), ('depravaçaõ', [5]), ('de', [6]), ('humores', [7]), ('he', [8]), ('produzida', [9]), ('nos', [10]), ('Marinheiros', [11]), ('pelas', [12]), ('carnes', [13]), (',', [14]), ('legumes', [15]), (',', [16]), ('peixes', [17]), (',', [18]), ('e', [19]), ('outros', [20]), ('alimentos', [21]), ('corruptos', [22]), (',', [23]), ('de', [24]), ('que', [25]), ('elles', [26]), ('se', [27]), ('sustentaõ', [28]), ('muitissimas', [29]), ('vezes', [30]), (';', [31]), ('pela', [32]), ('má', [33]), ('qualidade', [34]), ('de', [35]), ('agoa', [36]), (',', [37]), ('que', [38]), ('bebem', [39]), (';', [40]), ('pelo', [41]), ('ár', [42]), ('humido', [43]), (',', [44]), ('e', [45]), ('muito', [46]), ('quente', [47]), (',', [48]), ('que', [49]), ('respiraõ', [50]), ('no', [51]), ('Veraõ', [52]), (',', [53]), ('e', [54]), ('principalmente', [55]), ('debaixo', [56]), ('dos', [57]), ('convezes', [58]), (',', [59]), ('pela', [60]), ('pouca', [61]), ('limpeza', [62]), (',', [63]), ('pelo', [64]), ('pouco', [65]), ('exercicio', [66]), (',', [67]), ('e', [68]), ('muitas', [69]), ('vezes', [70]), ('ainda', [71]), ('por', [72]), ('huma', [73]), ('constituiçaõ', [74]), ('epidemica', [75]), (',', [76]), ('e', [77]), ('maligna', [78]), ('espalhada', [79]), ('no', [80]), ('ár', [81]), ('de', [82]), ('certos', [83]), ('paizes', [84]), ('pantanosos', [85]), (',', [86]), ('aonde', [87]), ('elles', [88]), ('aportaõ', [89]), (';', [90]), ('he', [91]), ('precizo', [92]), ('pois', [93]), ('mais', [94]), ('para', [95]), ('corromper', [96]), ('seu', [97]), ('sangue', [98]), (',', [99]), ('seus', [100]), ('humores', [101]), (',', [102]), ('para', [103]), ('enfraquecer', [104]), ('os', [105]), ('orgãos', [106]), (',', [107]), ('em', [108]), ('que', [109]), ('elles', [110]), ('circulaõ', [111]), (',', [112]), ('e', [113]), ('dar', [114]), ('lugar', [115]), ('ás', [116]), ('febres', [117]), ('malignas', [118]), ('?', [119])]	[('Esta', [0]), ('corrupção', [1]), (',', [2]), ('e', [3]), ('esta', [4]), ('depravação', [5]), ('de', [6]), ('humores', [7]), ('é', [8]), ('produzida', [9]), ('nos', [10]), ('Marinheiros', [11]), ('pelas', [12]), ('carnes', [13]), (',', [14]), ('legumes', [15]), (',', [16]), ('peixes', [17]), (',', [18]), ('e', [19]), ('outros', [20]), ('alimentos', [21]), ('corruptos', [22]), (',', [23]), ('de', [24]), ('que', [25]), ('eles', [26]), ('se', [27]), ('sustentam', [28]), ('muitíssimas', [29]), ('vezes', [30]), (';', [31]), ('pela', [32]), ('má', [33]), ('qualidade', [34]), ('de', [35]), ('água', [36]), (',', [37]), ('que', [38]), ('bebem', [39]), (';', [40]), ('pelo', [41]), ('ar', [42]), ('úmido', [43]), (',', [44]), ('e', [45]), ('muito', [46]), ('quente', [47]), (',', [48]), ('que', [49]), ('respiram', [50]), ('no', [51]), ('Verão', [52]), (',', [53]), ('e', [54]), ('principalmente', [55]), ('debaixo', [56]), ('dos', [57]), ('conveses', [58]), (',', [59]), ('pela', [60]), ('pouca', [61]), ('limpeza', [62]), (',', [63]), ('pelo', [64]), ('pouco', [65]), ('exercício', [66]), (',', [67]), ('e', [68]), ('muitas', [69]), ('vezes', [70]), ('ainda', [71]), ('por', [72]), ('uma', [73]), ('constituição', [74]), ('epidêmica', [75]), (',', [76]), ('e', [77]), ('maligna', [78]), ('espalhada', [79]), ('no', [80]), ('ar', [81]), ('de', [82]), ('certos', [83]), ('países', [84]), ('pantanosos', [85]), (',', [86]), ('aonde', [87]), ('eles', [88]), ('aportam', [89]), (';', [90]), ('é', [91]), ('preciso', [92]), ('pois', [93]), ('mais', [94]), ('para', [95]), ('corromper', [96]), ('seu', [97]), ('sangue', [98]), (',', [99]), ('seus', [100]), ('humores', [101]), (',', [102]), ('para', [103]), ('enfraquecer', [104]), ('os', [105]), ('órgãos', [106]), (',', [107]), ('em', [108]), ('que', [109]), ('eles', [110]), ('circulam', [111]), (',', [112]), ('e', [113]), ('dar', [114]), ('lugar', [115]), ('às', [116]), ('febres', [117]), ('malignas', [118]), ('?', [119])]
[('Além', [0]), ('do', [1]), ('abatimento', [2]), (',', [3]), ('que', [4]), ('eu', [5]), ('ja', [6]), ('disse', [7]), ('ser', [8]), ('o', [9]), ('signal', [10]), ('caracteristico', [11]), (',', [12]), ('e', [13]), ('distinctivo', [14]), ('das', [15]), ('febres', [16]), ('malignas', [17]), (',', [18]), ('experimentaõ', [19]), ('os', [20]), ('doentes', [21]), ('ainda', [22]), ('outros', [23]), (',', [24]), ('que', [25]), ('he', [26]), ('precizo', [27]), ('examina-los', [28]), ('miudamente', [29]), ('.', [30])]	[('Além', [0]), ('do', [1]), ('abatimento', [2]), (',', [3]), ('que', [4]), ('eu', [5]), ('já', [6]), ('disse', [7]), ('ser', [8]), ('o', [9]), ('sinal', [10]), ('característico', [11]), (',', [12]), ('e', [13]), ('distintivo', [14]), ('das', [15]), ('febres', [16]), ('malignas', [17]), (',', [18]), ('experimentam', [19]), ('os', [20]), ('doentes', [21]), ('ainda', [22]), ('outros', [23]), (',', [24]), ('que', [25]), ('é', [26]), ('preciso', [27]), ('examiná-los', [28]), ('miudamente', [29]), ('.', [30])]
[('Elles', [0]), ('saõ', [1]), ('insensiveis', [2]), ('a', [3]), ('tudo', [4]), (',', [5]), ('seu', [6]), ('rosto', [7]), (',', [8]), ('e', [9]), ('seus', [10]), ('olhos', [11]), ('estaõ', [12]), ('totalmente', [13]), ('mudados', [14]), (';', [15]), ('elles', [16]), ('sentem', [17]), ('dentro', [18]), ('de', [19]), ('si', [20]), ('mesmos', [21]), (',', [22]), ('e', [23]), ('muitas', [24]), ('vezes', [25]), ('por', [26]), ('muitos', [27]), ('dias', [28]), ('seguidos', [29]), (',', [30]), ('horripilações', [31]), (',', [32]), ('o', [33]), ('que', [34]), ('significa', [35]), (',', [36]), ('tremores', [37]), ('interiores', [38]), (',', [39]), ('quero', [40]), ('dizer', [41]), (',', [42]), ('tremores', [43]), ('irregulares', [44]), ('entre', [45]), ('o', [46]), ('couro', [47]), (',', [48]), ('e', [49]), ('a', [50]), ('carne', [51]), (';', [52]), ('estes', [53]), ('tremores', [54]), ('saõ', [55]), ('seguidos', [56]), ('de', [57]), ('algum', [58]), ('calôr', [59]), (',', [60]), ('em', [61]), ('cujo', [62]), ('tempo', [63]), ('o', [64]), ('estado', [65]), ('do', [66]), ('pulso', [67]), ('naõ', [68]), ('tem', [69]), ('mudança', [70]), ('notavel', [71]), (',', [72]), ('que', [73]), ('indique', [74]), (',', [75]), ('ou', [76]), ('mostre', [77]), ('febre', [78]), (';', [79]), ('algumas', [80]), ('vezes', [81]), ('elles', [82]), ('se', [83]), ('queixaõ', [84]), ('de', [85]), ('hum', [86]), ('pezo', [87]), (',', [88]), ('e', [89]), ('de', [90]), ('huma', [91]), ('grande', [92]), ('dôr', [93]), ('na', [94]), ('cabeça', [95]), (',', [96]), ('nos', [97]), ('rins', [98]), (',', [99]), ('e', [100]), ('em', [101]), ('outras', [102]), ('partes', [103]), ('do', [104]), ('corpo', [105]), (';', [106]), ('muitas', [107]), ('vezes', [108]), ('elles', [109]), ('naõ', [110]), ('sentem', [111]), ('especie', [112]), ('alguma', [113]), ('de', [114]), ('dòr', [115]), (',', [116]), ('mas', [117]), ('estaõ', [118]), ('moidos', [119]), (',', [120]), ('e', [121]), ('quebrantados', [122]), (',', [123]), ('como', [124]), ('se', [125]), ('tivessem', [126]), ('levado', [127]), ('pancadas', [128]), (',', [129]), ('tem', [130]), ('seus', [131]), ('desmaios', [132]), ('por', [133]), ('vezes', [134]), ('.', [135])]	[('Eles', [0]), ('são', [1]), ('insensíveis', [2]), ('a', [3]), ('tudo', [4]), (',', [5]), ('seu', [6]), ('rosto', [7]), (',', [8]), ('e', [9]), ('seus', [10]), ('olhos', [11]), ('estão', [12]), ('totalmente', [13]), ('mudados', [14]), (';', [15]), ('eles', [16]), ('sentem', [17]), ('dentro', [18]), ('de', [19]), ('si', [20]), ('mesmos', [21]), (',', [22]), ('e', [23]), ('muitas', [24]), ('vezes', [25]), ('por', [26]), ('muitos', [27]), ('dias', [28]), ('seguidos', [29]), (',', [30]), ('horripilações', [31]), (',', [32]), ('o', [33]), ('que', [34]), ('significa', [35]), (',', [36]), ('tremores', [37]), ('interiores', [38]), (',', [39]), ('quero', [40]), ('dizer', [41]), (',', [42]), ('tremores', [43]), ('irregulares', [44]), ('entre', [45]), ('o', [46]), ('couro', [47]), (',', [48]), ('e', [49]), ('a', [50]), ('carne', [51]), (';', [52]), ('estes', [53]), ('tremores', [54]), ('são', [55]), ('seguidos', [56]), ('de', [57]), ('algum', [58]), ('calor', [59]), (',', [60]), ('em', [61]), ('cujo', [62]), ('tempo', [63]), ('o', [64]), ('estado', [65]), ('do', [66]), ('pulso', [67]), ('não', [68]), ('tem', [69]), ('mudança', [70]), ('notável', [71]), (',', [72]), ('que', [73]), ('indique', [74]), (',', [75]), ('ou', [76]), ('mostre', [77]), ('febre', [78]), (';', [79]), ('algumas', [80]), ('vezes', [81]), ('eles', [82]), ('se', [83]), ('queixam', [84]), ('de', [85]), ('um', [86]), ('peso', [87]), (',', [88]), ('e', [89]), ('de', [90]), ('uma', [91]), ('grande', [92]), ('dor', [93]), ('na', [94]), ('cabeça', [95]), (',', [96]), ('nos', [97]), ('rins', [98]), (',', [99]), ('e', [100]), ('em', [101]), ('outras', [102]), ('partes', [103]), ('do', [104]), ('corpo', [105]), (';', [106]), ('muitas', [107]), ('vezes', [108]), ('eles', [109]), ('não', [110]), ('sentem', [111]), ('espécie', [112]), ('alguma', [113]), ('de', [114]), ('dor', [115]), (',', [116]), ('mas', [117]), ('estão', [118]), ('moídos', [119]), (',', [120]), ('e', [121]), ('quebrantados', [122]), (',', [123]), ('como', [124]), ('se', [125]), ('tivessem', [126]), ('levado', [127]), ('pancadas', [128]), (',', [129]), ('tem', [130]), ('seus', [131]), ('desmaios', [132]), ('por', [133]), ('vezes', [134]), ('.', [135])]
[('(', [0]), ('Este', [1]), ('symptoma', [2]), ('he', [3]), ('sempre', [4]), ('de', [5]), ('máo', [6]), ('agouro', [7]), (',', [8]), ('e', [9]), ('os', [10]), ('doentes', [11]), (',', [12]), ('que', [13]), ('o', [14]), ('experimentaõ', [15]), (',', [16]), ('raras', [17]), ('vezes', [18]), ('escapaõ', [19]), ('das', [20]), ('febres', [21]), ('malignas', [22]), ('.', [23]), (')', [24]), ('Tem', [25]), ('agonias', [26]), ('de', [27]), ('coraçaõ', [28]), (',', [29]), ('convulsões', [30]), ('nos', [31]), ('braços', [32]), (',', [33]), ('nas', [34]), ('mãos', [35]), (';', [36]), ('todos', [37]), ('os', [38]), ('seus', [39]), ('sentidos', [40]), ('parecem', [41]), ('entorpecidos', [42]), (';', [43]), ('sua', [44]), ('lingua', [45]), ('he', [46]), ('carregada', [47]), ('de', [48]), ('huma', [49]), ('codea', [50]), (',', [51]), ('de', [52]), ('hum', [53]), ('vermelho', [54]), ('escuro', [55]), (';', [56]), ('mas', [57]), ('ella', [58]), ('he', [59]), ('em', [60]), ('geral', [61]), ('menos', [62]), ('secca', [63]), (',', [64]), ('menos', [65]), ('arida', [66]), (',', [67]), ('do', [68]), ('que', [69]), ('nas', [70]), ('outras', [71]), ('especies', [72]), ('de', [73]), ('febre', [74]), (';', [75]), ('algumas', [76]), ('vezes', [77]), (',', [78]), ('e', [79]), ('as', [80]), ('mais', [81]), ('das', [82]), ('vezes', [83]), ('nos', [84]), ('primeiros', [85]), ('dias', [86]), ('da', [87]), ('doença', [88]), ('ella', [89]), ('he', [90]), ('como', [91]), ('no', [92]), ('estado', [93]), ('de', [94]), ('saúde', [95]), (',', [96]), ('e', [97]), ('naõ', [98]), ('se', [99]), ('faz', [100]), ('secca', [101]), (',', [102]), ('e', [103]), ('denegrida', [104]), ('senaõ', [105]), ('lá', [106]), ('para', [107]), ('o', [108]), ('fim', [109]), (';', [110]), ('finalmente', [111]), ('alguns', [112]), ('tem', [113]), ('huma', [114]), ('dôr', [115]), ('fixa', [116]), ('em', [117]), ('alguma', [118]), ('parte', [119]), ('do', [120]), ('baixo', [121]), ('ventre', [122]), (';', [123]), ('e', [124]), ('os', [125]), ('cadaveres', [126]), ('dos', [127]), ('que', [128]), ('se', [129]), ('tem', [130]), ('aberto', [131]), (',', [132]), ('e', [133]), ('que', [134]), ('se', [135]), ('tinhaõ', [136]), ('queixado', [137]), ('deita', [138]), ('dôr', [139]), ('fixa', [140]), (',', [141]), ('tem', [142]), ('manefestado', [143]), (',', [144]), ('que', [145]), ('a', [146]), ('parte', [147]), ('que', [148]), ('esta', [149]), ('dôr', [150]), ('atacava', [151]), (',', [152]), ('estava', [153]), ('gangrenada', [154]), ('.', [155])]	[('(', [0]), ('Este', [1]), ('sintoma', [2]), ('é', [3]), ('sempre', [4]), ('de', [5]), ('mau', [6]), ('agouro', [7]), (',', [8]), ('e', [9]), ('os', [10]), ('doentes', [11]), (',', [12]), ('que', [13]), ('o', [14]), ('experimentam', [15]), (',', [16]), ('raras', [17]), ('vezes', [18]), ('escapam', [19]), ('das', [20]), ('febres', [21]), ('malignas', [22]), ('.', [23]), (')', [24]), ('Tem', [25]), ('agonias', [26]), ('de', [27]), ('coração', [28]), (',', [29]), ('convulsões', [30]), ('nos', [31]), ('braços', [32]), (',', [33]), ('nas', [34]), ('mãos', [35]), (';', [36]), ('todos', [37]), ('os', [38]), ('seus', [39]), ('sentidos', [40]), ('parecem', [41]), ('entorpecidos', [42]), (';', [43]), ('sua', [44]), ('língua', [45]), ('é', [46]), ('carregada', [47]), ('de', [48]), ('uma', [49]), ('côdea', [115]), (',', [51]), ('de', [52]), ('um', [53]), ('vermelho', [54]), ('escuro', [55]), (';', [56]), ('mas', [57]), ('ela', [58]), ('é', [59]), ('em', [60]), ('geral', [61]), ('menos', [62]), ('seca', [63]), (',', [64]), ('menos', [65]), ('árida', [66]), (',', [67]), ('do', [68]), ('que', [69]), ('nas', [70]), ('outras', [71]), ('espécies', [72]), ('de', [73]), ('febre', [74]), (';', [75]), ('algumas', [76]), ('vezes', [77]), (',', [78]), ('e', [79]), ('as', [80]), ('mais', [81]), ('das', [82]), ('vezes', [83]), ('nos', [84]), ('primeiros', [85]), ('dias', [86]), ('da', [87]), ('doença', [88]), ('ela', [89]), ('é', [90]), ('como', [91]), ('no', [92]), ('estado', [93]), ('de', [94]), ('saúde', [95]), (',', [96]), ('e', [97]), ('não', [98]), ('se', [99]), ('faz', [100]), ('seca', [101]), (',', [102]), ('e', [103]), ('denegrida', [104]), ('senão', [105]), ('lá', [106]), ('para', [107]), ('o', [108]), ('fim', [109]), (';', [110]), ('finalmente', [111]), ('alguns', [112]), ('tem', [113]), ('uma', [114]), ('dor', [115]), ('fixa', [116]), ('em', [117]), ('alguma', [118]), ('parte', [119]), ('do', [120]), ('baixo', [121]), ('ventre', [122]), (';', [123]), ('e', [124]), ('os', [125]), ('cadáveres', [126]), ('dos', [127]), ('que', [128]), ('se', [129]), ('tem', [130]), ('aberto', [131]), (',', [132]), ('e', [133]), ('que', [134]), ('se', [135]), ('tinham', [136]), ('queixado', [137]), ('deita', [138]), ('dor', [139]), ('fixa', [140]), (',', [141]), ('tem', [142]), ('manifestado', [143]), (',', [144]), ('que', [145]), ('a', [146]), ('parte', [147]), ('que', [148]), ('esta', [149]), ('dor', [150]), ('atacava', [151]), (',', [152]), ('estava', [153]), ('gangrenada', [154]), ('.', [155])]
[('O', [0]), ('pulso', [1]), ('no', [2]), ('decurso', [3]), ('das', [4]), ('febres', [5]), ('malignas', [6]), ('he', [7]), ('ordinariamente', [8]), ('pequeno', [9]), (',', [10]), ('e', [11]), ('fraco', [12]), (',', [13]), ('mas', [14]), ('mais', [15]), ('ligeiro', [16]), ('que', [17]), ('no', [18]), ('estado', [19]), ('natural', [20]), (';', [21]), ('elle', [22]), ('he', [23]), ('muito', [24]), ('accelerado', [25]), ('naquelles', [26]), ('que', [27]), ('tem', [28]), ('o', [29]), ('ventre', [30]), ('tezo', [31]), (';', [32]), ('a', [33]), ('pelle', [34]), ('se', [35]), ('cobre', [36]), ('tambem', [37]), ('no', [38]), ('decurso', [39]), ('da', [40]), ('molestia', [41]), ('de', [42]), ('nodoas', [43]), ('vermelhas', [44]), (',', [45]), ('e', [46]), ('escuras', [47]), (',', [48]), ('que', [49]), ('se', [50]), ('assimilhaõ', [51]), ('a', [52]), ('mordeduras', [53]), ('de', [54]), ('pulgas', [55]), (',', [56]), ('e', [57]), ('que', [58]), ('se', [59]), ('chamaõ', [60]), ('pintas', [61]), (':', [62]), ('estas', [63]), ('nodoas', [64]), ('saõ', [65]), ('muitas', [66]), ('vezes', [67]), ('taõ', [68]), ('grandes', [69]), (',', [70]), ('taõ', [71]), ('impressas', [72]), (',', [73]), ('e', [74]), ('assignaladas', [75]), (',', [76]), ('que', [77]), ('parece', [78]), ('que', [79]), ('os', [80]), ('doentes', [81]), ('tem', [82]), ('recebido', [83]), (',', [84]), ('e', [85]), ('levado', [86]), ('chicotadas', [87]), (':', [88]), ('aquellas', [89]), ('que', [90]), ('saõ', [91]), ('circumscriptas', [92]), (';', [93]), ('ou', [94]), ('redondas', [95]), (',', [96]), ('annunciaõ', [97]), ('menos', [98]), ('perigo', [99]), (',', [100]), ('do', [101]), ('que', [102]), ('aquellas', [103]), (',', [104]), ('que', [105]), ('saõ', [106]), ('espalhadas', [107]), ('por', [108]), ('huma', [109]), ('parte', [110]), (',', [111]), ('e', [112]), ('por', [113]), ('outra', [114]), (';', [115]), ('estas', [116]), ('ultimas', [117]), ('denotaõ', [118]), ('maior', [119]), ('corrupção', [120]), ('nos', [121]), ('humores', [122]), ('.', [123])]	[('O', [0]), ('pulso', [1]), ('no', [2]), ('decurso', [3]), ('das', [4]), ('febres', [5]), ('malignas', [6]), ('é', [7]), ('ordinariamente', [8]), ('pequeno', [9]), (',', [10]), ('e', [11]), ('fraco', [12]), (',', [13]), ('mas', [14]), ('mais', [15]), ('ligeiro', [16]), ('que', [17]), ('no', [18]), ('estado', [19]), ('natural', [20]), (';', [21]), ('ele', [22]), ('é', [23]), ('muito', [24]), ('acelerado', [25]), ('naqueles', [26]), ('que', [27]), ('têm', [28]), ('o', [29]), ('ventre', [30]), ('teso', [31]), (';', [32]), ('a', [33]), ('pele', [34]), ('se', [35]), ('cobre', [36]), ('também', [37]), ('no', [38]), ('decurso', [39]), ('da', [40]), ('moléstia', [41]), ('de', [42]), ('nódoas', [43]), ('vermelhas', [44]), (',', [45]), ('e', [46]), ('escuras', [47]), (',', [48]), ('que', [49]), ('se', [50]), ('assimilam', [51]), ('a', [52]), ('mordeduras', [53]), ('de', [54]), ('pulgas', [55]), (',', [56]), ('e', [57]), ('que', [58]), ('se', [59]), ('chamam', [60]), ('pintas', [61]), (':', [62]), ('estas', [63]), ('nódoas', [64]), ('são', [65]), ('muitas', [66]), ('vezes', [67]), ('tão', [68]), ('grandes', [69]), (',', [70]), ('tão', [71]), ('impressas', [72]), (',', [73]), ('e', [74]), ('assinaladas', [75]), (',', [76]), ('que', [77]), ('parece', [78]), ('que', [79]), ('os', [80]), ('doentes', [81]), ('têm', [82]), ('recebido', [83]), (',', [84]), ('e', [85]), ('levado', [86]), ('chicotadas', [87]), (':', [88]), ('aquelas', [89]), ('que', [90]), ('são', [91]), ('circunscritas', [92]), (';', [93]), ('ou', [94]), ('redondas', [95]), (',', [96]), ('anunciam', [97]), ('menos', [98]), ('perigo', [99]), (',', [100]), ('do', [101]), ('que', [102]), ('aquelas', [103]), (',', [104]), ('que', [105]), ('são', [106]), ('espalhadas', [107]), ('por', [108]), ('uma', [109]), ('parte', [110]), (',', [111]), ('e', [112]), ('por', [113]), ('outra', [114]), (';', [115]), ('estas', [116]), ('últimas', [117]), ('denotam', [118]), ('maior', [119]), ('corrupção', [120]), ('nos', [121]), ('humores', [122]), ('.', [123])]
[('As', [0]), ('ourinas', [1]), ('saõ', [2]), ('claras', [3]), ('como', [4]), ('agoa', [5]), ('pura', [6]), (',', [7]), ('e', [8]), ('naõ', [9]), ('depõe', [10]), ('couza', [11]), ('alguma', [12]), ('no', [13]), ('fundo', [14]), ('do', [15]), ('valo', [16]), (';', [17]), ('os', [18]), ('doentes', [19]), ('tem', [20]), ('algumas', [21]), ('vezes', [22]), ('solturas', [23]), ('de', [24]), ('ventre', [25]), (',', [26]), ('e', [27]), ('as', [28]), ('materias', [29]), (',', [30]), ('que', [31]), ('lançaõ', [32]), ('saõ', [33]), ('amarellas', [34]), (',', [35]), ('verdes', [36]), (',', [37]), ('ou', [38]), ('negras', [39]), (',', [40]), ('e', [41]), ('exhalaõ', [42]), ('hum', [43]), ('cheiro', [44]), ('cadaverico', [45]), (';', [46]), ('as', [47]), ('verdes', [48]), ('saõ', [49]), ('mais', [50]), ('más', [51]), (',', [52]), ('que', [53]), ('as', [54]), ('amarellas', [55]), (',', [56]), ('e', [57]), ('as', [58]), ('negras', [59]), ('saõ', [60]), ('mais', [61]), ('más', [62]), (',', [63]), ('que', [64]), ('as', [65]), ('verdes', [66]), (';', [67]), ('se', [68]), ('este', [69]), ('fluxo', [70]), ('de', [71]), ('ventre', [72]), ('os', [73]), ('naõ', [74]), ('allivia', [75]), (',', [76]), ('entaõ', [77]), ('acabaõ', [78]), ('bem', [79]), ('depressa', [80]), ('os', [81]), ('tristes', [82]), ('dias', [83]), ('de', [84]), ('sua', [85]), ('vida', [86]), ('.', [87])]	[('As', [0]), ('urinas', [1]), ('são', [2]), ('claras', [3]), ('como', [4]), ('água', [5]), ('pura', [6]), (',', [7]), ('e', [8]), ('não', [9]), ('depõe', [10]), ('coisa', [11]), ('alguma', [12]), ('no', [13]), ('fundo', [14]), ('do', [15]), ('valo', [16]), (';', [17]), ('os', [18]), ('doentes', [19]), ('têm', [20]), ('algumas', [21]), ('vezes', [22]), ('solturas', [23]), ('de', [24]), ('ventre', [25]), (',', [26]), ('e', [27]), ('as', [28]), ('matérias', [29]), (',', [30]), ('que', [31]), ('lançam', [32]), ('são', [33]), ('amarelas', [34]), (',', [35]), ('verdes', [36]), (',', [37]), ('ou', [38]), ('negras', [39]), (',', [40]), ('e', [41]), ('exalam', [42]), ('um', [43]), ('cheiro', [44]), ('cadavérico', [45]), (';', [46]), ('as', [47]), ('verdes', [48]), ('são', [49]), ('mais', [50]), ('más', [51]), (',', [52]), ('que', [53]), ('as', [54]), ('amarelas', [55]), (',', [56]), ('e', [57]), ('as', [58]), ('negras', [59]), ('são', [60]), ('mais', [61]), ('más', [62]), (',', [63]), ('que', [64]), ('as', [65]), ('verdes', [66]), (';', [67]), ('se', [68]), ('este', [69]), ('fluxo', [70]), ('de', [71]), ('ventre', [72]), ('os', [73]), ('não', [74]), ('alivia', [75]), (',', [76]), ('então', [77]), ('acabam', [78]), ('bem', [79]), ('depressa', [80]), ('os', [81]), ('tristes', [82]), ('dias', [83]), ('de', [84]), ('sua', [85]), ('vida', [86]), ('.', [87])]
[('Eu', [0]), ('disse', [1]), (',', [2]), ('que', [3]), ('a', [4]), ('febre', [5]), ('maligna', [6]), ('tinha', [7]), ('muito', [8]), ('parentesco', [9]), ('com', [10]), ('a', [11]), ('febre', [12]), ('da', [13]), ('peste', [14]), (',', [15]), ('e', [16]), ('com', [17]), ('effeito', [18]), ('observaõ-se', [19]), ('em', [20]), ('huma', [21]), (',', [22]), ('e', [23]), ('outra', [24]), ('doença', [25]), ('depositos', [26]), ('criticos', [27]), (',', [28]), ('que', [29]), ('ordinariamente', [30]), ('saõ', [31]), ('salutiferos', [32]), (',', [33]), ('se', [34]), ('chegaõ', [35]), ('a', [36]), ('suppurar', [37]), (';', [38]), ('as', [39]), ('febres', [40]), ('malignas', [41]), ('tambem', [42]), ('se', [43]), ('terminaõ', [44]), ('algumas', [45]), ('vezes', [46]), ('como', [47]), ('a', [48]), ('peste', [49]), ('por', [50]), ('hemorrhagias', [51]), (',', [52]), ('e', [53]), ('dysenterias', [54]), ('mortaes', [55]), (',', [56]), ('que', [57]), ('provaõ', [58]), ('a', [59]), ('grande', [60]), ('dissoluçaõ', [61]), ('de', [62]), ('sangue', [63]), (',', [64]), ('que', [65]), ('ha', [66]), ('nestas', [67]), ('duas', [68]), ('doenças', [69]), (':', [70]), ('finalmente', [71]), ('a', [72]), ('cabeça', [73]), (',', [74]), ('e', [75]), ('o', [76]), ('peito', [77]), ('entraõ', [78]), ('a', [79]), ('embaraçar-se', [80]), ('humas', [81]), ('vezes', [82]), ('mais', [83]), ('cedo', [84]), (',', [85]), ('outras', [86]), ('mais', [87]), ('tarde', [88]), (';', [89]), ('mas', [90]), ('desde', [91]), ('que', [92]), ('este', [93]), ('symptoma', [94]), ('se', [95]), ('manifesta', [96]), (',', [97]), ('ha', [98]), ('pouco', [99]), ('que', [100]), ('esperar', [101]), ('dos', [102]), ('doentes', [103]), (';', [104]), ('e', [105]), ('he', [106]), ('raro', [107]), (',', [108]), ('que', [109]), ('elles', [110]), ('sobrevivaõ', [111]), ('mais', [112]), ('de', [113]), ('quarenta', [114]), ('e', [115]), ('oito', [116]), ('horas', [117]), ('.', [118])]	[('Eu', [0]), ('disse', [1]), (',', [2]), ('que', [3]), ('a', [4]), ('febre', [5]), ('maligna', [6]), ('tinha', [7]), ('muito', [8]), ('parentesco', [9]), ('com', [10]), ('a', [11]), ('febre', [12]), ('da', [13]), ('peste', [14]), (',', [15]), ('e', [16]), ('com', [17]), ('efeito', [18]), ('observam-se', [19]), ('em', [20]), ('uma', [21]), (',', [22]), ('e', [23]), ('outra', [24]), ('doença', [25]), ('depósitos', [26]), ('críticos', [27]), (',', [28]), ('que', [29]), ('ordinariamente', [30]), ('são', [31]), ('salutíferos', [32]), (',', [33]), ('se', [34]), ('chegam', [35]), ('a', [36]), ('supurar', [37]), (';', [38]), ('as', [39]), ('febres', [40]), ('malignas', [41]), ('também', [42]), ('se', [43]), ('terminam', [44]), ('algumas', [45]), ('vezes', [46]), ('como', [47]), ('a', [48]), ('peste', [49]), ('por', [50]), ('hemorragias', [51]), (',', [52]), ('e', [53]), ('disenterias', [54]), ('mortais', [55]), (',', [56]), ('que', [57]), ('provam', [58]), ('a', [59]), ('grande', [60]), ('dissolução', [61]), ('de', [62]), ('sangue', [63]), (',', [64]), ('que', [65]), ('há', [66]), ('nestas', [67]), ('duas', [68]), ('doenças', [69]), (':', [70]), ('finalmente', [71]), ('a', [72]), ('cabeça', [73]), (',', [74]), ('e', [75]), ('o', [76]), ('peito', [77]), ('então', [78]), ('a', [79]), ('embaraçar-se', [80]), ('umas', [81]), ('vezes', [82]), ('mais', [83]), ('cedo', [84]), (',', [85]), ('outras', [86]), ('mais', [87]), ('tarde', [88]), (';', [89]), ('mas', [90]), ('desde', [91]), ('que', [92]), ('este', [93]), ('sintoma', [94]), ('se', [95]), ('manifesta', [96]), (',', [97]), ('há', [98]), ('pouco', [99]), ('que', [100]), ('esperar', [101]), ('dos', [102]), ('doentes', [103]), (';', [104]), ('e', [105]), ('é', [106]), ('raro', [107]), (',', [108]), ('que', [109]), ('eles', [110]), ('sobrevivam', [111]), ('mais', [112]), ('de', [113]), ('quarenta', [114]), ('e', [115]), ('oito', [116]), ('horas', [117]), ('.', [118])]
[('Naõ', [0]), ('se', [1]), ('pode', [2]), ('determinar', [3]), ('nada', [4]), ('de', [5]), ('certo', [6]), (',', [7]), ('e', [8]), ('fixo', [9]), ('sobre', [10]), ('o', [11]), ('decurso', [12]), (',', [13]), ('e', [14]), ('a', [15]), ('duraçaõ', [16]), ('das', [17]), ('febres', [18]), ('malignas', [19]), (';', [20]), ('esta', [21]), ('doença', [22]), ('corre', [23]), ('muitas', [24]), ('vezes', [25]), ('os', [26]), ('seus', [27]), ('periodos', [28]), ('muito', [29]), ('depressa', [30]), (',', [31]), ('e', [32]), ('os', [33]), ('doentes', [34]), ('morrem', [35]), ('antes', [36]), ('do', [37]), ('setimo', [38]), (',', [39]), ('ou', [40]), ('oitavo', [41]), ('dia', [42]), (';', [43]), ('algumas', [44]), ('vezes', [45]), ('chega', [46]), ('aos', [47]), ('quatorze', [48]), (',', [49]), ('e', [50]), ('se', [51]), ('extende', [52]), ('mesmo', [53]), ('além', [54]), ('do', [55]), ('vinte', [56]), ('e', [57]), ('hum', [58]), (',', [59]), ('segundo', [60]), ('a', [61]), ('força', [62]), ('do', [63]), ('mal', [64]), (',', [65]), ('e', [66]), ('compleiçaõ', [67]), ('do', [68]), ('doente', [69]), (',', [70]), ('o', [71]), ('bom', [72]), (',', [73]), ('ou', [74]), ('o', [75]), ('máo', [76]), ('tratamento', [77]), ('.', [78])]	[('Não', [0]), ('se', [1]), ('pode', [2]), ('determinar', [3]), ('nada', [4]), ('de', [5]), ('certo', [6]), (',', [7]), ('e', [8]), ('fixo', [9]), ('sobre', [10]), ('o', [11]), ('decurso', [12]), (',', [13]), ('e', [14]), ('a', [15]), ('duração', [16]), ('das', [17]), ('febres', [18]), ('malignas', [19]), (';', [20]), ('esta', [21]), ('doença', [22]), ('corre', [23]), ('muitas', [24]), ('vezes', [25]), ('os', [26]), ('seus', [27]), ('períodos', [28]), ('muito', [29]), ('depressa', [30]), (',', [31]), ('e', [32]), ('os', [33]), ('doentes', [34]), ('morrem', [35]), ('antes', [36]), ('do', [37]), ('sétimo', [38]), (',', [39]), ('ou', [40]), ('oitavo', [41]), ('dia', [42]), (';', [43]), ('algumas', [44]), ('vezes', [45]), ('chega', [46]), ('aos', [47]), ('quatorze', [48]), (',', [49]), ('e', [50]), ('se', [51]), ('estende', [52]), ('mesmo', [53]), ('além', [54]), ('do', [55]), ('vinte', [56]), ('e', [57]), ('um', [58]), (',', [59]), ('segundo', [60]), ('a', [61]), ('força', [62]), ('do', [63]), ('mal', [64]), (',', [65]), ('e', [66]), ('compleição', [67]), ('do', [68]), ('doente', [69]), (',', [70]), ('o', [71]), ('bom', [72]), (',', [73]), ('ou', [74]), ('o', [75]), ('mau', [76]), ('tratamento', [77]), ('.', [78])]
[('Observa-se', [0]), (',', [1]), ('que', [2]), ('certos', [3]), ('doentes', [4]), ('se', [5]), ('fazem', [6]), ('surdos', [7]), ('no', [8]), ('decurso', [9]), ('da', [10]), ('doença', [11]), (';', [12]), ('se', [13]), ('tornaõ', [14]), ('a', [15]), ('recobrar', [16]), ('o', [17]), ('ouvido', [18]), (',', [19]), ('isto', [20]), ('he', [21]), ('ordinariamente', [22]), ('hum', [23]), ('bom', [24]), ('signal', [25]), (',', [26]), ('do', [27]), ('mesmo', [28]), ('modo', [29]), ('que', [30]), ('se', [31]), ('a', [32]), ('doença', [33]), ('se', [34]), ('prolongar', [35]), ('até', [36]), ('além', [37]), ('dos', [38]), ('quatorze', [39]), ('dias', [40]), (';', [41]), ('pois', [42]), ('entaõ', [43]), ('pode-se', [44]), ('esperar', [45]), ('muito', [46]), ('pela', [47]), ('cura', [48]), ('da', [49]), ('molestia', [50]), ('.', [51])]	[('Observa-se', [0]), (',', [1]), ('que', [2]), ('certos', [3]), ('doentes', [4]), ('se', [5]), ('fazem', [6]), ('surdos', [7]), ('no', [8]), ('decurso', [9]), ('da', [10]), ('doença', [11]), (';', [12]), ('se', [13]), ('tornam', [14]), ('a', [15]), ('recobrar', [16]), ('o', [17]), ('ouvido', [18]), (',', [19]), ('isto', [20]), ('é', [21]), ('ordinariamente', [22]), ('um', [23]), ('bom', [24]), ('sinal', [25]), (',', [26]), ('do', [27]), ('mesmo', [28]), ('modo', [29]), ('que', [30]), ('se', [31]), ('a', [32]), ('doença', [33]), ('se', [34]), ('prolongar', [35]), ('até', [36]), ('além', [37]), ('dos', [38]), ('quatorze', [39]), ('dias', [40]), (';', [41]), ('pois', [42]), ('então', [43]), ('pode-se', [44]), ('esperar', [45]), ('muito', [46]), ('pela', [47]), ('cura', [48]), ('da', [49]), ('moléstia', [50]), ('.', [51])]
[('Attendendo', [0]), ('a', [1]), ('tudo', [2]), ('aquillo', [3]), (',', [4]), ('que', [5]), ('eu', [6]), ('tenho', [7]), ('dito', [8]), ('a', [9]), ('respeito', [10]), ('das', [11]), ('febres', [12]), ('malignas', [13]), (',', [14]), ('será', [15]), ('facil', [16]), (',', [17]), ('penso', [18]), ('eu', [19]), (',', [20]), ('distigui-las', [21]), ('das', [22]), ('outras', [23]), ('febres', [24]), ('continuas', [25]), ('.', [26])]	[('Atendendo', [0]), ('a', [1]), ('tudo', [2]), ('aquilo', [3]), (',', [4]), ('que', [5]), ('eu', [6]), ('tenho', [7]), ('dito', [8]), ('a', [9]), ('respeito', [10]), ('das', [11]), ('febres', [12]), ('malignas', [13]), (',', [14]), ('será', [15]), ('fácil', [16]), (',', [17]), ('penso', [18]), ('eu', [19]), (',', [20]), ('distingui-las', [21]), ('das', [22]), ('outras', [23]), ('febres', [24]), ('contínuas', [25]), ('.', [26])]
[('He', [0]), ('verdade', [1]), (',', [2]), ('que', [3]), ('todos', [4]), ('os', [5]), ('symptomas', [6]), ('que', [7]), ('caracterizaõ', [8]), ('aquellas', [9]), ('primeras', [10]), (',', [11]), ('e', [12]), ('que', [13]), ('eu', [14]), ('tenho', [15]), ('examinado', [16]), ('miudamente', [17]), (',', [18]), ('se', [19]), ('naõ', [20]), ('encontraõ', [21]), ('todos', [22]), ('juntos', [23]), (',', [24]), ('e', [25]), ('todos', [26]), ('ao', [27]), ('mesmo', [28]), ('tempo', [29]), ('em', [30]), ('todos', [31]), ('os', [32]), ('doentes', [33]), (':', [34]), ('mas', [35]), ('basta', [36]), (',', [37]), ('que', [38]), ('haja', [39]), ('hum', [40]), ('certo', [41]), ('numero', [42]), ('delles', [43]), (';', [44]), ('he', [45]), ('precizo', [46]), ('pois', [47]), ('tratar', [48]), ('de', [49]), ('os', [50]), ('combinar', [51]), ('com', [52]), ('prudencia', [53]), (',', [54]), ('para', [55]), ('cada', [56]), ('hum', [57]), ('se', [58]), ('naõ', [59]), ('enganar', [60]), ('.', [61])]	[('É', [0]), ('verdade', [1]), (',', [2]), ('que', [3]), ('todos', [4]), ('os', [5]), ('sintomas', [6]), ('que', [7]), ('caracterizam', [8]), ('aquelas', [9]), ('primeiras', [10]), (',', [11]), ('e', [12]), ('que', [13]), ('eu', [14]), ('tenho', [15]), ('examinado', [16]), ('miudamente', [17]), (',', [18]), ('se', [19]), ('não', [20]), ('encontram', [21]), ('todos', [22]), ('juntos', [23]), (',', [24]), ('e', [25]), ('todos', [26]), ('ao', [27]), ('mesmo', [28]), ('tempo', [29]), ('em', [30]), ('todos', [31]), ('os', [32]), ('doentes', [33]), (':', [34]), ('mas', [35]), ('basta', [36]), (',', [37]), ('que', [38]), ('haja', [39]), ('um', [40]), ('certo', [41]), ('número', [42]), ('deles', [43]), (';', [44]), ('é', [45]), ('preciso', [46]), ('pois', [47]), ('tratar', [48]), ('de', [49]), ('os', [50]), ('combinar', [51]), ('com', [52]), ('prudência', [53]), (',', [54]), ('para', [55]), ('cada', [56]), ('um', [57]), ('se', [58]), ('não', [59]), ('enganar', [60]), ('.', [61])]
[('A', [0]), ('sangria', [1]), ('he', [2]), ('inutil', [3]), (',', [4]), ('e', [5]), ('mesmo', [6]), ('perniciosa', [7]), ('nas', [8]), ('febres', [9]), ('malignas', [10]), (',', [11]), ('ao', [12]), ('menos', [13]), ('que', [14]), ('ellas', [15]), ('se', [16]), ('naõ', [17]), ('achem', [18]), ('acompanhadas', [19]), ('de', [20]), ('algum', [21]), ('symptoma', [22]), ('inflammatorio', [23]), (',', [24]), ('que', [25]), ('se', [26]), ('conhecerá', [27]), ('pelos', [28]), ('signaes', [29]), ('particulares', [30]), ('que', [31]), ('eu', [32]), ('ja', [33]), ('mostrei', [34]), ('no', [35]), ('Capitulo', [36]), ('precedente', [37]), (';', [38]), ('se', [39]), ('houvesse', [40]), ('estes', [41]), ('signaes', [42]), (',', [43]), ('e', [44]), ('que', [45]), ('o', [46]), ('cerebro', [47]), ('estivesse', [48]), ('com', [49]), ('seus', [50]), ('vasos', [51]), ('muito', [52]), ('cheios', [53]), (',', [54]), ('entaõ', [55]), ('seria', [56]), ('conveniente', [57]), ('fazer', [58]), ('a', [59]), ('sangria', [60]), ('no', [61]), ('pé', [62]), ('com', [63]), ('preferencia', [64]), ('á', [65]), ('do', [66]), ('braço', [67]), (';', [68]), ('muitas', [69]), ('vezes', [70]), ('esta', [71]), ('sangria', [72]), ('serve', [73]), ('de', [74]), ('prevenir', [75]), (',', [76]), ('ou', [77]), ('curar', [78]), ('o', [79]), ('delirio', [80]), (';', [81]), ('que', [82]), ('he', [83]), ('a', [84]), ('consequencia', [85]), ('de', [86]), ('similhante', [87]), ('accumulaçaõ', [88]), ('de', [89]), ('sangue', [90]), (';', [91]), ('em', [92]), ('qualquer', [93]), ('outro', [94]), ('caso', [95]), ('a', [96]), ('sangria', [97]), ('he', [98]), ('contraria', [99]), ('.', [100])]	[('A', [0]), ('sangria', [1]), ('é', [2]), ('inútil', [3]), (',', [4]), ('e', [5]), ('mesmo', [6]), ('perniciosa', [7]), ('nas', [8]), ('febres', [9]), ('malignas', [10]), (',', [11]), ('ao', [12]), ('menos', [13]), ('que', [14]), ('elas', [15]), ('se', [16]), ('não', [17]), ('achem', [18]), ('acompanhadas', [19]), ('de', [20]), ('algum', [21]), ('sintoma', [22]), ('inflamatório', [23]), (',', [24]), ('que', [25]), ('se', [26]), ('conhecerá', [27]), ('pelos', [28]), ('sinais', [29]), ('particulares', [30]), ('que', [31]), ('eu', [32]), ('já', [33]), ('mostrei', [34]), ('no', [35]), ('Capítulo', [36]), ('precedente', [37]), (';', [38]), ('se', [39]), ('houvesse', [40]), ('estes', [41]), ('sinais', [42]), (',', [43]), ('e', [44]), ('que', [45]), ('o', [46]), ('cérebro', [47]), ('estivesse', [48]), ('com', [49]), ('seus', [50]), ('vasos', [51]), ('muito', [52]), ('cheios', [53]), (',', [54]), ('então', [55]), ('seria', [56]), ('conveniente', [57]), ('fazer', [58]), ('a', [59]), ('sangria', [60]), ('no', [61]), ('pé', [62]), ('com', [63]), ('preferência', [64]), ('a', [65]), ('do', [66]), ('braço', [67]), (';', [68]), ('muitas', [69]), ('vezes', [70]), ('esta', [71]), ('sangria', [72]), ('serve', [73]), ('de', [74]), ('prevenir', [75]), (',', [76]), ('ou', [77]), ('curar', [78]), ('o', [79]), ('delírio', [80]), (';', [81]), ('que', [82]), ('é', [83]), ('a', [84]), ('consequência', [85]), ('de', [86]), ('semelhante', [87]), ('acumulação', [88]), ('de', [89]), ('sangue', [90]), (';', [91]), ('em', [92]), ('qualquer', [93]), ('outro', [94]), ('caso', [95]), ('a', [96]), ('sangria', [97]), ('é', [98]), ('contrária', [99]), ('.', [100])]
[('Os', [0]), ('doentes', [1]), ('devem', [2]), ('observar', [3]), ('huma', [4]), ('dieta', [5]), ('rigorosa', [6]), (',', [7]), ('abster-se', [8]), ('mesmo', [9]), ('de', [10]), ('caldos', [11]), (',', [12]), ('e', [13]), ('tomar', [14]), ('em', [15]), ('lugar', [16]), ('delles', [17]), ('o', [18]), ('creme', [19]), ('de', [20]), ('arrôz', [21]), (',', [22]), ('ou', [23]), ('o', [24]), ('paõ', [25]), ('lavado', [26]), (';', [27]), ('sua', [28]), ('bebida', [29]), ('será', [30]), ('agoa', [31]), ('pura', [32]), ('misturada', [33]), ('com', [34]), ('hum', [35]), ('pouco', [36]), ('de', [37]), ('vinagre', [38]), (',', [39]), ('ou', [40]), ('com', [41]), ('alguma', [42]), ('gotas', [43]), ('do', [44]), ('espirito', [45]), ('de', [46]), ('enxofre', [47]), (',', [48]), ('ou', [49]), ('de', [50]), ('vitriolo', [51]), (',', [52]), ('ou', [53]), ('limonada', [54]), (',', [55]), ('se', [56]), ('se', [57]), ('puderem', [58]), ('procurar', [59]), ('limões', [60]), (';', [61]), ('tomaráõ', [62]), ('cada', [63]), ('dia', [64]), ('duas', [65]), (',', [66]), ('ou', [67]), ('tres', [68]), ('mezinhas', [69]), ('com', [70]), ('o', [71]), ('cozimento', [72]), ('do', [73]), ('N.', [74]), ('4', [75]), ('.', [76])]	[('Os', [0]), ('doentes', [1]), ('devem', [2]), ('observar', [3]), ('uma', [4]), ('dieta', [5]), ('rigorosa', [6]), (',', [7]), ('abster-se', [8]), ('mesmo', [9]), ('de', [10]), ('caldos', [11]), (',', [12]), ('e', [13]), ('tomar', [14]), ('em', [15]), ('lugar', [16]), ('deles', [17]), ('o', [18]), ('creme', [19]), ('de', [20]), ('arroz', [21]), (',', [22]), ('ou', [23]), ('o', [24]), ('pão', [25]), ('lavado', [26]), (';', [27]), ('sua', [28]), ('bebida', [29]), ('será', [30]), ('água', [31]), ('pura', [32]), ('misturada', [33]), ('com', [34]), ('um', [35]), ('pouco', [36]), ('de', [37]), ('vinagre', [38]), (',', [39]), ('ou', [40]), ('com', [41]), ('alguma', [42]), ('gotas', [43]), ('do', [44]), ('espírito', [45]), ('de', [46]), ('enxofre', [47]), (',', [48]), ('ou', [49]), ('de', [50]), ('vitríolo', [21]), (',', [52]), ('ou', [53]), ('limonada', [54]), (',', [55]), ('se', [56]), ('se', [57]), ('puderem', [58]), ('procurar', [59]), ('limões', [60]), (';', [61]), ('tomarão', [62]), ('cada', [63]), ('dia', [64]), ('duas', [65]), (',', [66]), ('ou', [67]), ('três', [68]), ('mesinhas', [69]), ('com', [70]), ('o', [71]), ('cozimento', [72]), ('do', [73]), ('N.', [74]), ('4', [75]), ('.', [76])]
[('Depois', [0]), ('do', [1]), ('segundo', [2]), (',', [3]), ('ou', [4]), ('do', [5]), ('terceiro', [6]), ('dia', [7]), ('saz-se-haõ', [8]), ('vomitar', [9]), ('com', [10]), ('o', [11]), ('remedio', [12]), ('do', [13]), ('N.', [14]), ('11.', [15]), (',', [16]), ('se', [17]), ('houver', [18]), ('diarrhéa', [19]), (',', [20]), ('ou', [21]), ('com', [22]), ('o', [23]), ('do', [24]), ('N.', [25]), ('21.', [26]), (',', [27]), ('se', [28]), ('naõ', [29]), ('houver', [30]), ('diarrhéa', [31]), ('.', [32])]	[('Depois', [0]), ('do', [1]), ('segundo', [2]), (',', [3]), ('ou', [4]), ('do', [5]), ('terceiro', [6]), ('dia', [7]), ('far-se-ão', [8]), ('vomitar', [9]), ('com', [10]), ('o', [11]), ('remédio', [12]), ('do', [13]), ('N.', [14]), ('11.', [15]), (',', [16]), ('se', [17]), ('houver', [18]), ('diarreia', [19]), (',', [20]), ('ou', [21]), ('com', [22]), ('o', [23]), ('do', [24]), ('N.', [25]), ('21.', [26]), (',', [27]), ('se', [28]), ('não', [29]), ('houver', [30]), ('diarreia', [31]), ('.', [32])]
[('He', [0]), ('necessario', [1]), ('naõ', [2]), ('esperar', [3]), (',', [4]), ('para', [5]), ('dar', [6]), ('estes', [7]), ('vomitorios', [8]), (',', [9]), ('que', [10]), ('as', [11]), ('accumulações', [12]), ('de', [13]), ('materias', [14]), ('tenha', [15]), ('chegado', [16]), ('ao', [17]), ('seu', [18]), ('mais', [19]), ('alto', [20]), ('grão', [21]), (',', [22]), ('que', [23]), ('se', [24]), ('tenha', [25]), ('formado', [26]), ('alguma', [27]), ('estagnaçaõ', [28]), (',', [29]), ('quero', [30]), ('dizir', [31]), (',', [32]), ('alguma', [33]), ('collecçaõ', [34]), ('de', [35]), ('humores', [36]), (',', [37]), ('algum', [38]), ('embaraço', [39]), ('no', [40]), ('cerebro', [41]), (',', [42]), ('no', [43]), ('figado', [44]), (',', [45]), ('no', [46]), ('baixo', [47]), ('ventre', [48]), (',', [49]), ('ou', [50]), ('no', [51]), ('peito', [52]), (';', [53]), ('ou', [54]), ('que', [55]), ('os', [56]), ('doentes', [57]), ('tenhaõ', [58]), ('perdido', [59]), ('todas', [60]), ('as', [61]), ('suas', [62]), ('forças', [63]), (',', [64]), ('e', [65]), ('se', [66]), ('tenhaõ', [67]), ('reduzido', [68]), ('aos', [69]), ('ultimos', [70]), ('extremos', [71]), ('.', [72])]	[('É', [0]), ('necessário', [1]), ('não', [2]), ('esperar', [3]), (',', [4]), ('para', [5]), ('dar', [6]), ('estes', [7]), ('vomitórios', [8]), (',', [9]), ('que', [10]), ('as', [11]), ('acumulações', [12]), ('de', [13]), ('matérias', [14]), ('tenha', [15]), ('chegado', [16]), ('ao', [17]), ('seu', [18]), ('mais', [19]), ('alto', [20]), ('grão', [21]), (',', [22]), ('que', [23]), ('se', [24]), ('tenha', [25]), ('formado', [26]), ('alguma', [27]), ('estagnação', [28]), (',', [29]), ('quero', [30]), ('dizer', [31]), (',', [32]), ('alguma', [33]), ('coleção', [34]), ('de', [35]), ('humores', [36]), (',', [37]), ('algum', [38]), ('embaraço', [39]), ('no', [40]), ('cérebro', [41]), (',', [42]), ('no', [43]), ('fígado', [44]), (',', [45]), ('no', [46]), ('baixo', [47]), ('ventre', [48]), (',', [49]), ('ou', [50]), ('no', [51]), ('peito', [52]), (';', [53]), ('ou', [54]), ('que', [55]), ('os', [56]), ('doentes', [57]), ('tenham', [58]), ('perdido', [59]), ('todas', [60]), ('as', [61]), ('suas', [62]), ('forças', [63]), (',', [64]), ('e', [65]), ('se', [66]), ('tenham', [67]), ('reduzido', [68]), ('aos', [69]), ('últimos', [70]), ('extremos', [71]), ('.', [72])]
[('Se', [0]), ('da', [1]), ('primeira', [2]), ('vez', [3]), ('que', [4]), ('se', [5]), ('daõ', [6]), ('estes', [7]), ('vomitorios', [8]), (',', [9]), ('elles', [10]), ('naõ', [11]), ('fizerem', [12]), ('bastante', [13]), ('efeito', [14]), (',', [15]), ('e', [16]), ('se', [17]), ('os', [18]), ('doentes', [19]), ('conservarem', [20]), ('as', [21]), ('suas', [22]), ('forças', [23]), (',', [24]), ('podem-se', [25]), ('repetir', [26]), ('no', [27]), ('dia', [28]), ('seguinte', [29]), ('.', [30])]	[('Se', [0]), ('da', [1]), ('primeira', [2]), ('vez', [3]), ('que', [4]), ('se', [5]), ('dão', [6]), ('estes', [7]), ('vomitórios', [8]), (',', [9]), ('eles', [10]), ('não', [11]), ('fizerem', [12]), ('bastante', [13]), ('efeito', [14]), (',', [15]), ('e', [16]), ('se', [17]), ('os', [18]), ('doentes', [19]), ('conservarem', [20]), ('as', [21]), ('suas', [22]), ('forças', [23]), (',', [24]), ('podem-se', [25]), ('repetir', [26]), ('no', [27]), ('dia', [28]), ('seguinte', [29]), ('.', [30])]
[('Depois', [0]), ('do', [1]), ('effeito', [2]), ('do', [3]), ('vomitorio', [4]), ('dar-se-ha', [5]), ('cada', [6]), ('dia', [7]), ('huma', [8]), ('porçaõ', [9]), ('do', [10]), ('remedio', [11]), ('do', [12]), ('N.', [13]), ('31.', [14]), (',', [15]), ('que', [16]), ('evacuará', [17]), ('as', [18]), ('materias', [19]), ('nocivas', [20]), (',', [21]), ('sem', [22]), ('fatigar', [23]), ('muito', [24]), ('os', [25]), ('doentes', [26]), (',', [27]), ('impedirá', [28]), ('a', [29]), ('corrupçaõ', [30]), (',', [31]), ('destruirá', [32]), ('os', [33]), ('vermes', [34]), (',', [35]), ('se', [36]), ('os', [37]), ('houver', [38]), (',', [39]), ('fortificará', [40]), ('as', [41]), ('tripas', [42]), ('sem', [43]), ('prejudicar', [44]), ('ás', [45]), ('evacuações', [46]), ('necessarias', [47]), ('.', [48])]	[('Depois', [0]), ('do', [1]), ('efeito', [2]), ('do', [3]), ('vomitório', [4]), ('dar-se-á', [5]), ('cada', [6]), ('dia', [7]), ('uma', [8]), ('porção', [9]), ('do', [10]), ('remédio', [11]), ('do', [12]), ('N.', [13]), ('31.', [14]), (',', [15]), ('que', [16]), ('evacuará', [17]), ('as', [18]), ('matérias', [19]), ('nocivas', [20]), (',', [21]), ('sem', [22]), ('fatigar', [23]), ('muito', [24]), ('os', [25]), ('doentes', [26]), (',', [27]), ('impedirá', [28]), ('a', [29]), ('corrupção', [30]), (',', [31]), ('destruirá', [32]), ('os', [33]), ('vermes', [34]), (',', [35]), ('se', [36]), ('os', [37]), ('houver', [38]), (',', [39]), ('fortificará', [40]), ('as', [41]), ('tripas', [42]), ('sem', [43]), ('prejudicar', [44]), ('às', [45]), ('evacuações', [46]), ('necessárias', [47]), ('.', [48])]
[('Algumas', [0]), ('vezes', [1]), ('do', [2]), ('decurso', [3]), (',', [4]), ('ou', [5]), ('continuaçaõ', [6]), ('das', [7]), ('febres', [8]), ('maligmas', [9]), ('sobrevém', [10]), ('huma', [11]), ('diarrhéa', [12]), (',', [13]), ('que', [14]), ('esgota', [15]), (',', [16]), ('e', [17]), ('enfraquece', [18]), ('os', [19]), ('doentes', [20]), ('em', [21]), ('lugar', [22]), ('de', [23]), ('os', [24]), ('alliviar', [25]), (';', [26]), ('neste', [27]), ('estado', [28]), ('elles', [29]), ('tem', [30]), ('a', [31]), ('pelle', [32]), ('aspera', [33]), (',', [34]), ('e', [35]), ('secca', [36]), (',', [37]), ('o', [38]), ('pulso', [39]), ('pequeno', [40]), (',', [41]), ('e', [42]), ('concentrado', [43]), (';', [44]), ('entaõ', [45]), ('he', [46]), ('conveniente', [47]), ('moderar', [48]), ('esta', [49]), ('evacuaçaõ', [50]), (',', [51]), ('e', [52]), ('procurar', [53]), ('aos', [54]), ('doentes', [55]), ('huma', [56]), ('transpiraçaõ', [57]), ('saudavel', [58]), (':', [59]), ('algumas', [60]), ('vezes', [61]), ('se', [62]), ('chega', [63]), ('a', [64]), ('conseguir', [65]), ('isto', [66]), ('pelo', [67]), ('uso', [68]), ('do', [69]), ('bolo', [70]), ('do', [71]), ('N.', [72]), ('25.', [73]), (',', [74]), ('e', [75]), ('da', [76]), ('bebida', [77]), ('do', [78]), ('N.', [79]), ('26', [80]), ('.', [81])]	[('Algumas', [0]), ('vezes', [1]), ('do', [2]), ('decurso', [3]), (',', [4]), ('ou', [5]), ('continuação', [6]), ('das', [7]), ('febres', [8]), ('malignas', [9]), ('sobrevém', [10]), ('uma', [11]), ('diarreia', [12]), (',', [13]), ('que', [14]), ('esgota', [15]), (',', [16]), ('e', [17]), ('enfraquece', [18]), ('os', [19]), ('doentes', [20]), ('em', [21]), ('lugar', [22]), ('de', [23]), ('os', [24]), ('aliviar', [25]), (';', [26]), ('neste', [27]), ('estado', [28]), ('eles', [29]), ('tem', [30]), ('a', [31]), ('pele', [32]), ('áspera', [33]), (',', [34]), ('e', [35]), ('seca', [36]), (',', [37]), ('o', [38]), ('pulso', [39]), ('pequeno', [40]), (',', [41]), ('e', [42]), ('concentrado', [43]), (';', [44]), ('então', [45]), ('é', [46]), ('conveniente', [47]), ('moderar', [48]), ('esta', [49]), ('evacuação', [50]), (',', [51]), ('e', [52]), ('procurar', [53]), ('aos', [54]), ('doentes', [55]), ('uma', [56]), ('transpiração', [57]), ('saudável', [58]), (':', [59]), ('algumas', [60]), ('vezes', [61]), ('se', [62]), ('chega', [63]), ('a', [64]), ('conseguir', [65]), ('isto', [66]), ('pelo', [67]), ('uso', [68]), ('do', [69]), ('bolo', [70]), ('do', [71]), ('N.', [72]), ('25.', [73]), (',', [74]), ('e', [75]), ('da', [76]), ('bebida', [77]), ('do', [78]), ('N.', [79]), ('26', [80]), ('.', [81])]
[('Dar-se-haõ', [0]), ('estes', [1]), ('remedios', [2]), ('alternativamente', [3]), (',', [4]), ('de', [5]), ('duas', [6]), ('em', [7]), ('duas', [8]), ('horas', [9]), (',', [10]), ('quero', [11]), ('dizer', [12]), (',', [13]), ('huma', [14]), ('porçaõ', [15]), ('de', [16]), ('bolo', [17]), (',', [18]), ('passadas', [19]), ('duas', [20]), ('horas', [21]), ('huma', [22]), ('colher', [23]), ('da', [24]), ('bebida', [25]), (',', [26]), ('até', [27]), ('que', [28]), ('os', [29]), ('doontes', [30]), ('acabem', [31]), ('de', [32]), ('tomar', [33]), ('estes', [34]), ('remedios', [35]), (';', [36]), ('e', [37]), ('se', [38]), ('no', [39]), ('tempo', [40]), ('em', [41]), ('que', [42]), ('usaõ', [43]), ('delles', [44]), ('se', [45]), ('acharem', [46]), ('muito', [47]), ('fracos', [48]), (',', [49]), ('entaõ', [50]), ('far-se-lhe-ha', [51]), ('tomar', [52]), ('por', [53]), ('duas', [54]), ('vezes', [55]), ('sómente', [56]), ('de', [57]), ('quatro', [58]), ('em', [59]), ('quatro', [60]), ('horas', [61]), ('em', [62]), ('lugar', [63]), ('da', [64]), ('bebida', [65]), ('do', [66]), ('N.', [67]), ('26.', [68]), (',', [69]), ('huma', [70]), ('oitava', [71]), ('de', [72]), ('theriaga', [73]), (',', [74]), ('ou', [75]), ('de', [76]), ('diascordio', [77]), ('misturada', [78]), ('com', [79]), ('hum', [80]), ('pouco', [81]), ('de', [82]), ('vinho', [83]), ('bom', [84]), (';', [85]), ('se', [86]), ('a', [87]), ('diarrhéa', [88]), ('fosse', [89]), ('forte', [90]), (',', [91]), ('preferir-se-hia', [92]), ('o', [93]), ('diascordio', [94]), ('á', [95]), ('theriaga', [96]), ('.', [97])]	[('Dar-se-ão', [0]), ('estes', [1]), ('remédios', [2]), ('alternativamente', [3]), (',', [4]), ('de', [5]), ('duas', [6]), ('em', [7]), ('duas', [8]), ('horas', [9]), (',', [10]), ('quero', [11]), ('dizer', [12]), (',', [13]), ('uma', [14]), ('porção', [15]), ('de', [16]), ('bolo', [17]), (',', [18]), ('passadas', [19]), ('duas', [20]), ('horas', [21]), ('uma', [22]), ('colher', [23]), ('da', [24]), ('bebida', [25]), (',', [26]), ('até', [27]), ('que', [28]), ('os', [29]), ('doentes', [30]), ('acabem', [31]), ('de', [32]), ('tomar', [33]), ('estes', [34]), ('remédios', [35]), (';', [36]), ('e', [37]), ('se', [38]), ('no', [39]), ('tempo', [40]), ('em', [41]), ('que', [42]), ('usam', [43]), ('deles', [44]), ('se', [45]), ('acharem', [46]), ('muito', [47]), ('fracos', [48]), (',', [49]), ('então', [50]), ('far-se-lhe-á', [51]), ('tomar', [52]), ('por', [53]), ('duas', [54]), ('vezes', [55]), ('somente', [56]), ('de', [57]), ('quatro', [58]), ('em', [59]), ('quatro', [60]), ('horas', [61]), ('em', [62]), ('lugar', [63]), ('da', [64]), ('bebida', [65]), ('do', [66]), ('N.', [67]), ('26.', [68]), (',', [69]), ('uma', [70]), ('oitava', [71]), ('de', [72]), ('teriaga', [73]), (',', [74]), ('ou', [75]), ('de', [76]), ('diascórdio', [77]), ('misturada', [78]), ('com', [79]), ('um', [80]), ('pouco', [81]), ('de', [82]), ('vinho', [83]), ('bom', [84]), (';', [85]), ('se', [86]), ('a', [87]), ('diarreia', [88]), ('fosse', [89]), ('forte', [90]), (',', [91]), ('preferir-se-ia', [92]), ('o', [93]), ('diascórdio', [94]), ('à', [95]), ('teriagas', [96]), ('.', [97])]
[('Se', [0]), ('a', [1]), ('pezar', [1]), ('do', [2]), ('uso', [3]), ('destes', [4]), ('remedios', [5]), ('continuassem', [6]), ('os', [7]), ('doentes', [8]), ('a', [9]), ('estar', [10]), ('no', [11]), ('mesmo', [12]), ('estado', [13]), ('de', [14]), ('fraqueza', [15]), (',', [16]), ('se', [17]), ('o', [18]), ('seu', [19]), ('pulso', [20]), ('fosse', [21]), ('concentrado', [22]), (',', [23]), ('e', [24]), ('se', [25]), ('se', [26]), ('percebesse', [27]), (',', [28]), ('que', [29]), ('ae', [30]), ('formava', [31]), ('algum', [32]), ('embaraço', [33]), ('no', [34]), ('cerebro', [35]), (',', [36]), ('no', [37]), ('peito', [38]), (',', [39]), ('ou', [40]), ('no', [41]), ('baixo', [42]), ('ventre', [43]), (',', [44]), ('entaõ', [45]), ('seria', [46]), ('necessario', [47]), ('sem', [48]), ('perder', [49]), ('tempo', [50]), ('dár', [51]), ('todos', [52]), ('as', [53]), ('quartos', [54]), ('de', [55]), ('hora', [56]), ('huma', [57]), ('colher', [58]), ('da', [59]), ('bebida', [60]), ('do', [61]), ('N.', [62]), ('27.', [63]), (',', [64]), ('e', [65]), ('applicar', [66]), ('ás', [67]), ('barrigas', [68]), ('das', [69]), ('pernas', [70]), (',', [71]), ('ás', [72]), ('côxas', [73]), (',', [74]), ('e', [75]), ('á', [76]), ('nuca', [77]), ('emplastros', [78]), ('vesicatorios', [79]), ('.', [80])]	[('Se', [0]), ('apesar', [1, 2]), ('do', [3]), ('uso', [4]), ('destes', [5]), ('remédios', [6]), ('continuassem', [7]), ('os', [8]), ('doentes', [9]), ('a', [10]), ('estar', [11]), ('no', [12]), ('mesmo', [13]), ('estado', [14]), ('de', [15]), ('fraqueza', [16]), (',', [17]), ('se', [18]), ('o', [19]), ('seu', [20]), ('pulso', [21]), ('fosse', [22]), ('concentrado', [23]), (',', [24]), ('e', [25]), ('se', [26]), ('se', [27]), ('percebesse', [28]), (',', [29]), ('que', [30]), ('se', [31]), ('formava', [32]), ('algum', [33]), ('embaraço', [34]), ('no', [35]), ('cérebro', [36]), (',', [37]), ('no', [38]), ('peito', [39]), (',', [40]), ('ou', [41]), ('no', [42]), ('baixo', [43]), ('ventre', [44]), (',', [45]), ('então', [46]), ('seria', [47]), ('necessário', [48]), ('sem', [49]), ('perder', [50]), ('tempo', [51]), ('dar', [52]), ('todos', [53]), ('os', [54]), ('quartos', [55]), ('de', [56]), ('hora', [57]), ('uma', [58]), ('colher', [59]), ('da', [60]), ('bebida', [61]), ('do', [62]), ('N.', [63]), ('27.', [64]), (',', [65]), ('e', [66]), ('aplicar', [67]), ('às', [68]), ('barrigas', [69]), ('das', [70]), ('pernas', [71]), (',', [72]), ('às', [73]), ('coxas', [74]), (',', [75]), ('e', [76]), ('à', [77]), ('nuca', [78]), ('emplastros', [79]), ('vesicatórios', [80]), ('.', [81])]
[('Se', [0]), ('os', [1]), ('doentes', [2]), ('estiverem', [3]), ('adormentados', [4]), (',', [5]), ('ou', [6]), ('somnolentos', [7]), (',', [8]), ('poder-se-hiaõ', [9]), ('mesmo', [10]), ('applicar', [11]), ('sobre', [12]), ('todo', [13]), ('o', [14]), ('couro', [15]), ('cabelludo', [16]), (',', [17]), ('depois', [18]), ('de', [19]), ('o', [20]), ('ter', [21]), ('rapado', [22]), (',', [23]), ('se', [24]), ('se', [25]), ('visse', [26]), ('que', [27]), ('elles', [28]), ('tinhaõ', [29]), ('huma', [30]), ('especie', [31]), ('de', [32]), ('delirio', [33]), ('surdo', [34]), ('.', [35])]	[('Se', [0]), ('os', [1]), ('doentes', [2]), ('estiverem', [3]), ('adormentados', [4]), (',', [5]), ('ou', [6]), ('sonolentos', [7]), (',', [8]), ('poder-se-iam', [9]), ('mesmo', [10]), ('aplicar', [11]), ('sobre', [12]), ('todo', [13]), ('o', [14]), ('couro', [15]), ('cabeludo', [16]), (',', [17]), ('depois', [18]), ('de', [19]), ('o', [20]), ('ter', [21]), ('rapado', [22]), (',', [23]), ('se', [24]), ('se', [25]), ('visse', [26]), ('que', [27]), ('eles', [28]), ('tinham', [29]), ('uma', [30]), ('espécie', [31]), ('de', [32]), ('delírio', [33]), ('surdo', [34]), ('.', [35])]
[('(', [0]), ('Vêde', [1]), ('o', [2]), ('Capitulo', [3]), ('das', [4]), ('Cantharidas', [5]), (',', [6]), ('ou', [7]), ('Vesicatorios', [8]), (')', [9]), ('.', [10])]	[('(', [0]), ('Vede', [1]), ('o', [2]), ('Capítulo', [3]), ('das', [4]), ('Cantáridas', [5]), (',', [6]), ('ou', [7]), ('Vesicatórios', [8]), (')', [9]), ('.', [10])]
[('Deve-se', [0]), ('conservar', [1]), ('com', [2]), ('todo', [3]), ('o', [4]), ('cuidado', [5]), ('a', [6]), ('evacuaçaõ', [7]), (',', [8]), ('e', [9]), ('a', [10]), ('suppuraçaõ', [11]), ('destes', [12]), ('vesicatorios', [13]), (',', [14]), ('supposto', [15]), (',', [16]), ('que', [17]), ('elles', [18]), ('tenhaõ', [19]), ('mordido', [20]), (',', [21]), ('e', [22]), ('formado', [23]), ('boas', [24]), ('empollas', [25]), (',', [26]), ('ou', [27]), ('bexigas', [28]), (',', [29]), ('restabelece-las', [30]), (',', [31]), ('se', [32]), ('ellas', [33]), ('diminuirem', [34]), (',', [35]), ('pela', [36]), ('applicaçaõ', [37]), ('de', [38]), ('novos', [39]), ('emplastros', [40]), (',', [41]), ('ou', [42]), ('misturando', [43]), ('no', [44]), ('unguento', [45]), ('basilicaõ', [46]), (',', [47]), ('com', [48]), ('que', [49]), ('elles', [50]), ('se', [51]), ('curaõ', [52]), (',', [53]), ('algumas', [54]), ('pitadas', [55]), ('de', [56]), ('cantharidas', [57]), ('em', [58]), ('pó', [59]), ('.', [60])]	[('Deve-se', [0]), ('conservar', [1]), ('com', [2]), ('todo', [3]), ('o', [4]), ('cuidado', [5]), ('a', [6]), ('evacuação', [7]), (',', [8]), ('e', [9]), ('a', [10]), ('supuração', [11]), ('destes', [12]), ('vesicatórios', [13]), (',', [14]), ('suposto', [15]), (',', [16]), ('que', [17]), ('eles', [18]), ('tenham', [19]), ('mordido', [20]), (',', [21]), ('e', [22]), ('formado', [23]), ('boas', [24]), ('empolas', [25]), (',', [26]), ('ou', [27]), ('bexigas', [28]), (',', [29]), ('restabelecê-las', [30]), (',', [31]), ('se', [32]), ('elas', [33]), ('diminuírem', [34]), (',', [35]), ('pela', [36]), ('aplicação', [37]), ('de', [38]), ('novos', [39]), ('emplastros', [40]), (',', [41]), ('ou', [42]), ('misturando', [43]), ('no', [44]), ('unguento', [45]), ('basilicão', [46]), (',', [47]), ('com', [48]), ('que', [49]), ('eles', [50]), ('se', [51]), ('curam', [52]), (',', [53]), ('algumas', [54]), ('pitadas', [55]), ('de', [56]), ('cantáridas', [57]), ('em', [58]), ('pó', [59]), ('.', [60])]
[('A', [0]), ('prática', [1]), ('quotidiana', [2]), ('tem', [3]), ('provado', [4]), ('aos', [5]), ('Professores', [6]), (',', [7]), ('que', [8]), ('tem', [9]), ('tratado', [10]), (',', [11]), ('e', [12]), ('que', [13]), ('trataõ', [14]), ('muitas', [15]), ('vezes', [16]), ('febres', [17]), ('malignas', [18]), (',', [19]), ('que', [20]), ('todos', [21]), ('os', [22]), ('remedios', [23]), ('espirituosos', [24]), (',', [25]), ('volateis', [26]), (',', [27]), ('e', [28]), ('alexiterios', [29]), (',', [30]), ('que', [31]), ('o', [32]), ('povo', [33]), (',', [34]), ('e', [35]), ('os', [36]), ('charlatães', [37]), ('gabaõ', [38]), ('tanto', [39]), (',', [40]), ('e', [41]), ('elhaõ', [42]), ('como', [43]), ('especificos', [44]), ('para', [45]), ('lançar', [46]), ('fóra', [47]), (',', [48]), ('dizem', [49]), ('elles', [50]), (',', [51]), ('a', [52]), ('malignidade', [53]), (',', [54]), ('devem', [55]), ('ser', [56]), ('proscritos', [57]), (',', [58]), ('ou', [59]), ('de', [60]), ('nenhum', [61]), ('uso', [62]), (';', [63]), ('que', [64]), ('os', [65]), ('bezoarticos', [66]), ('tanto', [67]), ('orientaes', [68]), (';', [69]), ('como', [70]), ('occidentaes', [71]), (',', [72]), ('saõ', [73]), ('inuteis', [74]), (';', [75]), ('que', [76]), ('os', [77]), ('verdadeiros', [78]), ('bezoarticos', [79]), (',', [80]), ('se', [81]), ('ha', [82]), ('alguns', [83]), (',', [84]), ('tem', [85]), ('pouca', [86]), (',', [87]), ('ou', [88]), ('nenhuma', [89]), ('virtude', [90]), (';', [91]), ('e', [92]), ('que', [93]), ('se', [94]), ('elles', [95]), ('naõ', [96]), ('fossem', [97]), ('taõ', [98]), ('caros', [99]), (',', [100]), ('e', [101]), ('taõ', [102]), ('raros', [103]), ('como', [104]), ('saõ', [105]), (',', [106]), ('ninguem', [107]), ('se', [108]), ('lembraria', [109]), ('de', [110]), ('fazer', [111]), ('uso', [112]), ('delles', [113]), (';', [114]), ('mas', [115]), ('por', [116]), ('infelicidade', [117]), ('nossa', [118]), ('todos', [119]), ('os', [120]), ('homens', [121]), ('tem', [122]), ('mais', [123]), ('confiança', [124]), ('em', [125]), ('hum', [126]), ('remedio', [127]), ('raro', [128]), (',', [129]), ('e', [130]), ('que', [131]), ('se', [132]), ('naô', [133]), ('póde', [134]), ('procurar', [135]), ('senaõ', [136]), ('com', [137]), ('grandes', [138]), ('gastos', [139]), (',', [140]), ('do', [141]), ('que', [142]), ('naquelle', [143]), ('que', [144]), ('se', [145]), ('acha', [146]), ('com', [147]), ('facilidade', [148]), (',', [149]), ('e', [150]), ('que', [151]), ('está', [152]), (',', [153]), ('por', [154]), ('assim', [155]), ('dizer', [156]), (',', [157]), ('debaixo', [158]), ('da', [159]), ('sua', [160]), ('maõ', [161]), ('.', [162])]	[('A', [0]), ('prática', [1]), ('cotidiana', [2]), ('tem', [3]), ('provado', [4]), ('aos', [5]), ('Professores', [6]), (',', [7]), ('que', [8]), ('têm', [9]), ('tratado', [10]), (',', [11]), ('e', [12]), ('que', [13]), ('tratam', [14]), ('muitas', [15]), ('vezes', [16]), ('febres', [17]), ('malignas', [18]), (',', [19]), ('que', [20]), ('todos', [21]), ('os', [22]), ('remédios', [23]), ('espirituosos', [24]), (',', [25]), ('voláteis', [26]), (',', [27]), ('e', [28]), ('alexetérios', [29]), (',', [30]), ('que', [31]), ('o', [32]), ('povo', [33]), (',', [34]), ('e', [35]), ('os', [36]), ('charlatães', [37]), ('gabam', [38]), ('tanto', [39]), (',', [40]), ('e', [41]), ('olham', [42]), ('como', [43]), ('específicos', [44]), ('para', [45]), ('lançar', [46]), ('fora', [47]), (',', [48]), ('dizem', [49]), ('eles', [50]), (',', [51]), ('a', [52]), ('malignidade', [53]), (',', [54]), ('devem', [55]), ('ser', [56]), ('proscritos', [57]), (',', [58]), ('ou', [59]), ('de', [60]), ('nenhum', [61]), ('uso', [62]), (';', [63]), ('que', [64]), ('os', [65]), ('bezoárticos', [66]), ('tanto', [67]), ('orientais', [68]), (';', [69]), ('como', [70]), ('ocidentais', [71]), (',', [72]), ('são', [73]), ('inúteis', [74]), (';', [75]), ('que', [76]), ('os', [77]), ('verdadeiros', [78]), ('bezoárticos', [79]), (',', [80]), ('se', [81]), ('há', [82]), ('alguns', [83]), (',', [84]), ('têm', [85]), ('pouca', [86]), (',', [87]), ('ou', [88]), ('nenhuma', [89]), ('virtude', [90]), (';', [91]), ('e', [92]), ('que', [93]), ('se', [94]), ('eles', [95]), ('não', [96]), ('fossem', [97]), ('tão', [98]), ('caros', [99]), (',', [100]), ('e', [101]), ('tão', [102]), ('raros', [103]), ('como', [104]), ('são', [105]), (',', [106]), ('ninguém', [107]), ('se', [108]), ('lembraria', [109]), ('de', [110]), ('fazer', [111]), ('uso', [112]), ('deles', [113]), (';', [114]), ('mas', [115]), ('por', [116]), ('infelicidade', [117]), ('nossa', [118]), ('todos', [119]), ('os', [120]), ('homens', [121]), ('têm', [122]), ('mais', [123]), ('confiança', [124]), ('em', [125]), ('um', [126]), ('remédio', [127]), ('raro', [128]), (',', [129]), ('e', [130]), ('que', [131]), ('se', [132]), ('não', [133]), ('pôde', [134]), ('procurar', [135]), ('senão', [136]), ('com', [137]), ('grandes', [138]), ('gastos', [139]), (',', [140]), ('do', [141]), ('que', [142]), ('naquele', [143]), ('que', [144]), ('se', [145]), ('acha', [146]), ('com', [147]), ('facilidade', [148]), (',', [149]), ('e', [150]), ('que', [151]), ('está', [152]), (',', [153]), ('por', [154]), ('assim', [155]), ('dizer', [156]), (',', [157]), ('debaixo', [158]), ('da', [159]), ('sua', [160]), ('mão', [161]), ('.', [162])]
[('He', [0]), ('demonstrado', [1]), ('ja', [2]), (',', [3]), ('que', [4]), ('os', [5]), ('verdadeiros', [6]), ('bezoarticos', [7]), ('saõ', [8]), ('inuteis', [9]), ('para', [10]), ('a', [11]), ('cura', [12]), ('das', [13]), ('febres', [14]), ('malignas', [15]), (',', [16]), ('e', [17]), ('pestilenciaes', [18]), (';', [19]), ('que', [20]), ('se', [21]), ('pode', [22]), ('esperar', [23]), ('pois', [24]), ('daquelles', [25]), ('que', [26]), ('se', [27]), ('nos', [28]), ('trazem', [29]), ('debaixo', [30]), ('deste', [31]), ('nome', [32]), (',', [33]), ('que', [34]), ('naõ', [35]), ('saõ', [36]), ('senaõ', [37]), ('huma', [38]), ('composiçaõ', [39]), ('artificial', [40]), (',', [41]), ('aonde', [42]), ('entra', [43]), ('o', [44]), ('almiscar', [45]), (',', [46]), ('e', [47]), ('o', [48]), ('ambar', [49]), (',', [50]), ('em', [51]), ('huma', [52]), ('palavra', [53]), ('a', [54]), ('obra', [55]), ('dos', [56]), ('miseraveis', [57]), ('Judeos', [58]), (',', [59]), ('que', [60]), ('os', [61]), ('vendem', [62]), ('muito', [63]), ('caro', [64]), ('aos', [65]), ('ignorantes', [66]), ('.', [67])]	[('É', [0]), ('demonstrado', [1]), ('já', [2]), (',', [3]), ('que', [4]), ('os', [5]), ('verdadeiros', [6]), ('bezoárticos', [7]), ('são', [8]), ('inúteis', [9]), ('para', [10]), ('a', [11]), ('cura', [12]), ('das', [13]), ('febres', [14]), ('malignas', [15]), (',', [16]), ('e', [17]), ('pestilenciais', [18]), (';', [19]), ('que', [20]), ('se', [21]), ('pode', [22]), ('esperar', [23]), ('pois', [24]), ('daqueles', [25]), ('que', [26]), ('se', [27]), ('nos', [28]), ('trazem', [29]), ('debaixo', [30]), ('deste', [31]), ('nome', [32]), (',', [33]), ('que', [34]), ('não', [35]), ('são', [36]), ('senão', [37]), ('uma', [38]), ('composição', [39]), ('artificial', [40]), (',', [41]), ('aonde', [42]), ('entra', [43]), ('o', [44]), ('almíscar', [45]), (',', [46]), ('e', [47]), ('o', [48]), ('âmbar', [49]), (',', [50]), ('em', [51]), ('uma', [52]), ('palavra', [53]), ('a', [54]), ('obra', [55]), ('dos', [56]), ('miseráveis', [57]), ('Judeus', [58]), (',', [59]), ('que', [60]), ('os', [61]), ('vendem', [62]), ('muito', [63]), ('caro', [64]), ('aos', [65]), ('ignorantes', [66]), ('.', [67])]
[('O', [0]), ('applicar-se', [1]), ('sobre', [2]), ('a', [3]), ('cabeça', [4]), ('certos', [5]), ('animaes', [6]), ('vivos', [7]), ('abertos', [8]), (',', [9]), ('taes', [10]), ('como', [11]), ('Gatos', [12]), (',', [13]), ('Gallos', [14]), (',', [15]), ('Pombos', [16]), (',', [17]), ('tem', [18]), ('sido', [19]), ('reconhecido', [20]), ('ao', [21]), ('menos', [22]), ('como', [23]), ('inutil', [24]), (',', [25]), ('e', [26]), ('eu', [27]), ('até', [28]), ('mesmo', [29]), ('me', [30]), ('atrevo', [31]), ('a', [32]), ('assegurar', [33]), (',', [34]), ('que', [35]), ('isto', [36]), ('faz', [37]), ('mais', [38]), ('mal', [39]), (',', [40]), ('do', [41]), ('que', [42]), ('bem', [43]), (',', [44]), ('aos', [45]), ('doentes', [46]), (';', [47]), ('elles', [48]), ('raras', [49]), ('vezes', [50]), ('recebem', [51]), ('daqui', [52]), ('consolaçaõ', [53]), ('alguma', [54]), (';', [55]), ('porque', [56]), ('se', [57]), ('se', [58]), ('deixaõ', [59]), ('estes', [60]), ('animaes', [61]), ('por', [62]), ('hum', [63]), ('certo', [64]), ('tempo', [65]), ('sobre', [66]), ('a', [67]), ('cabeça', [68]), (',', [69]), ('em', [70]), ('lugar', [71]), ('de', [72]), ('attrahir', [73]), ('a', [74]), ('malignidade', [75]), (',', [76]), ('como', [77]), ('o', [78]), ('vulgo', [79]), ('pensa', [80]), ('commummente', [81]), (',', [82]), ('elles', [83]), ('a', [84]), ('augmentaõ', [85]), (',', [86]), ('porque', [87]), ('se', [88]), ('estaõ', [89]), ('ahi', [90]), ('corrompendo', [91]), (';', [92]), ('o', [93]), ('cheiro', [94]), ('cadaverico', [95]), (',', [96]), ('que', [97]), ('exhalaõ', [98]), (',', [99]), ('naõ', [100]), ('he', [101]), ('o', [102]), ('veneno', [103]), ('da', [104]), ('doença', [105]), (',', [106]), ('que', [107]), ('elles', [108]), ('tem', [109]), ('attralido', [155]), ('para', [111]), ('fóra', [95]), ('do', [113]), ('corpo', [114]), (',', [115]), ('antes', [116]), ('he', [117]), ('ao', [118]), ('contrario', [119]), ('huma', [120]), ('verdadeira', [121]), ('podridaõ', [122]), (',', [123]), ('que', [124]), ('elles', [125]), ('tem', [126]), ('adquirido', [127]), ('pelo', [128]), ('calor', [129]), ('da', [130]), ('parte', [131]), (',', [132]), ('sobre', [133]), ('que', [134]), ('estavaõ', [135]), ('applicados', [136]), (',', [137]), ('e', [138]), ('que', [139]), ('teriaõ', [140]), ('igualmente', [141]), ('adquirido', [142]), ('em', [143]), ('qualquer', [144]), ('outro', [145]), ('lugar', [146]), (',', [147]), ('que', [148]), ('fosse', [149]), ('taõ', [150]), ('quente', [151]), (',', [152]), ('e', [153]), ('taõ', [154]), ('humido', [155]), (',', [156]), ('se', [157]), ('os', [158]), ('deixassem', [159]), ('ficar', [160]), ('nelle', [161]), ('o', [162]), ('mesmo', [163]), ('espaço', [164]), ('de', [165]), ('tempo', [166]), ('.', [167])]	[('O', [0]), ('aplicar-se', [1]), ('sobre', [2]), ('a', [3]), ('cabeça', [4]), ('certos', [5]), ('animais', [6]), ('vivos', [7]), ('abertos', [8]), (',', [9]), ('tais', [10]), ('como', [11]), ('Gatos', [12]), (',', [13]), ('Galos', [14]), (',', [15]), ('Pombos', [16]), (',', [17]), ('tem', [18]), ('sido', [19]), ('reconhecido', [20]), ('ao', [21]), ('menos', [22]), ('como', [23]), ('inútil', [24]), (',', [25]), ('e', [26]), ('eu', [27]), ('até', [28]), ('mesmo', [29]), ('me', [30]), ('atrevo', [31]), ('a', [32]), ('assegurar', [33]), (',', [34]), ('que', [35]), ('isto', [36]), ('faz', [37]), ('mais', [38]), ('mal', [39]), (',', [40]), ('do', [41]), ('que', [42]), ('bem', [43]), (',', [44]), ('aos', [45]), ('doentes', [46]), (';', [47]), ('eles', [48]), ('raras', [49]), ('vezes', [50]), ('recebem', [51]), ('daqui', [52]), ('consolação', [53]), ('alguma', [54]), (';', [55]), ('porque', [56]), ('se', [57]), ('se', [58]), ('deixam', [59]), ('estes', [60]), ('animais', [61]), ('por', [62]), ('um', [63]), ('certo', [64]), ('tempo', [65]), ('sobre', [66]), ('a', [67]), ('cabeça', [68]), (',', [69]), ('em', [70]), ('lugar', [71]), ('de', [72]), ('atrair', [73]), ('a', [74]), ('malignidade', [75]), (',', [76]), ('como', [77]), ('o', [78]), ('vulgo', [79]), ('pensa', [80]), ('comumente', [81]), (',', [82]), ('eles', [83]), ('a', [84]), ('aumentam', [85]), (',', [86]), ('porque', [87]), ('se', [88]), ('estão', [89]), ('aí', [90]), ('corrompendo', [91]), (';', [92]), ('o', [93]), ('cheiro', [94]), ('cadavérico', [95]), (',', [96]), ('que', [97]), ('exalam', [98]), (',', [99]), ('não', [100]), ('é', [101]), ('o', [102]), ('veneno', [103]), ('da', [104]), ('doença', [105]), (',', [106]), ('que', [107]), ('eles', [108]), ('tem', [109]), ('atraído', [73]), ('para', [111]), ('fora', [112]), ('do', [113]), ('corpo', [114]), (',', [115]), ('antes', [116]), ('é', [117]), ('ao', [118]), ('contrário', [119]), ('uma', [120]), ('verdadeira', [121]), ('podridão', [122]), (',', [123]), ('que', [124]), ('eles', [125]), ('têm', [126]), ('adquirido', [127]), ('pelo', [128]), ('calor', [129]), ('da', [130]), ('parte', [131]), (',', [132]), ('sobre', [133]), ('que', [134]), ('estavam', [135]), ('aplicados', [136]), (',', [137]), ('e', [138]), ('que', [139]), ('teriam', [140]), ('igualmente', [141]), ('adquirido', [142]), ('em', [143]), ('qualquer', [144]), ('outro', [145]), ('lugar', [146]), (',', [147]), ('que', [148]), ('fosse', [149]), ('tão', [150]), ('quente', [151]), (',', [152]), ('e', [153]), ('tão', [154]), ('úmido', [110]), (',', [156]), ('se', [157]), ('os', [158]), ('deixassem', [159]), ('ficar', [160]), ('nele', [161]), ('o', [162]), ('mesmo', [163]), ('espaço', [164]), ('de', [165]), ('tempo', [166]), ('.', [167])]
[('Pode-se', [0]), ('fazer', [1]), ('esta', [2]), ('experiencia', [3]), ('sobre', [4]), ('a', [5]), ('cabeça', [6]), ('de', [7]), ('hum', [8]), ('homem', [9]), ('saõ', [10]), (',', [11]), ('e', [12]), ('logo', [13]), ('ficará', [14]), ('cada', [15]), ('hum', [16]), ('convencido', [17]), (',', [18]), ('que', [19]), ('estes', [20]), ('animaes', [21]), ('contrahiráõ', [22]), ('tanto', [23]), ('do', [24]), ('máo', [25]), ('cheiro', [26]), ('em', [27]), ('hum', [28]), ('igual', [29]), ('espaço', [30]), ('de', [31]), ('tempo', [32]), (',', [33]), ('como', [34]), ('sobre', [35]), ('a', [36]), ('de', [37]), ('hum', [38]), ('doente', [39]), ('.', [40])]	[('Pode-se', [0]), ('fazer', [1]), ('esta', [2]), ('experiência', [3]), ('sobre', [4]), ('a', [5]), ('cabeça', [6]), ('de', [7]), ('um', [8]), ('homem', [9]), ('são', [10]), (',', [11]), ('e', [12]), ('logo', [13]), ('ficará', [14]), ('cada', [15]), ('um', [16]), ('convencido', [17]), (',', [18]), ('que', [19]), ('estes', [20]), ('animais', [21]), ('contrairão', [22]), ('tanto', [23]), ('do', [24]), ('mau', [25]), ('cheiro', [26]), ('em', [27]), ('um', [28]), ('igual', [29]), ('espaço', [30]), ('de', [31]), ('tempo', [32]), (',', [33]), ('como', [34]), ('sobre', [35]), ('a', [36]), ('de', [37]), ('um', [38]), ('doente', [39]), ('.', [40])]
[('O', [0]), ('calôr', [1]), ('brando', [2]), (',', [3]), ('e', [4]), ('moderado', [5]), (',', [6]), ('que', [7]), ('exhalaõ', [8]), ('as', [9]), ('entranhas', [10]), ('destes', [11]), ('animaes', [12]), (',', [13]), ('naõ', [14]), ('he', [15]), ('capaz', [16]), ('de', [17]), ('attrahir', [18]), ('o', [19]), ('veneno', [20]), (',', [21]), ('elle', [22]), ('só', [23]), ('póde', [24]), (',', [25]), ('quando', [26]), ('muito', [27]), ('agitar', [28]), ('o', [29]), ('fluido', [30]), ('nervoso', [31]), ('entorpecido', [32]), (',', [33]), ('e', [34]), ('tornar', [35]), ('a', [36]), ('dar', [37]), ('por', [38]), ('hum', [39]), ('instante', [40]), ('o', [41]), ('sentimento', [42]), ('aos', [43]), ('doentes', [44]), (',', [45]), ('que', [46]), ('começaõ', [47]), ('a', [48]), ('perde-lo', [49]), (':', [50]), ('eis-aqui', [51]), ('todo', [52]), ('o', [53]), ('bem', [54]), (',', [55]), ('que', [56]), ('podem', [57]), ('produzir', [58]), ('estas', [59]), ('aplicações', [60]), (';', [61]), ('e', [62]), ('para', [63]), ('tirar', [64]), ('dellas', [65]), ('alguma', [66]), ('pouca', [67]), ('de', [68]), ('utilidade', [69]), (',', [70]), ('seria', [71]), ('necessario', [72]), ('naõ', [73]), ('as', [74]), ('deixar', [75]), ('demorar', [76]), ('muito', [77]), ('tempo', [78]), ('sobre', [79]), ('a', [80]), ('parte', [81]), (',', [82]), ('com', [83]), ('o', [84]), ('medo', [85]), ('de', [86]), ('que', [87]), ('estes', [88]), ('animass', [89]), ('naõ', [90]), ('adquiraõ', [91]), ('alguma', [92]), ('podridaõ', [93]), (',', [94]), ('que', [95]), ('naõ', [96]), ('pode', [97]), ('deixar', [98]), ('de', [99]), ('ser', [100]), ('nociva', [101]), (',', [102]), ('salvo', [103]), ('se', [104]), ('se', [105]), ('repetir', [106]), ('a', [107]), ('sua', [108]), ('applicaçaõ', [109]), ('muitissimas', [110]), ('vezes', [111]), ('.', [112])]	[('O', [0]), ('calor', [1]), ('brando', [2]), (',', [3]), ('e', [4]), ('moderado', [5]), (',', [6]), ('que', [7]), ('exalam', [8]), ('as', [9]), ('entranhas', [10]), ('destes', [11]), ('animais', [12]), (',', [13]), ('não', [14]), ('é', [15]), ('capaz', [16]), ('de', [17]), ('atrair', [18]), ('o', [19]), ('veneno', [20]), (',', [21]), ('ele', [22]), ('só', [23]), ('pôde', [24]), (',', [25]), ('quando', [26]), ('muito', [27]), ('agitar', [28]), ('o', [29]), ('fluido', [30]), ('nervoso', [31]), ('entorpecido', [32]), (',', [33]), ('e', [34]), ('tornar', [35]), ('a', [36]), ('dar', [37]), ('por', [38]), ('um', [39]), ('instante', [40]), ('o', [41]), ('sentimento', [42]), ('aos', [43]), ('doentes', [44]), (',', [45]), ('que', [46]), ('começam', [47]), ('a', [48]), ('perdê-lo', [49]), (':', [50]), ('eis-aqui', [51]), ('todo', [52]), ('o', [53]), ('bem', [54]), (',', [55]), ('que', [56]), ('podem', [57]), ('produzir', [58]), ('estas', [59]), ('aplicações', [60]), (';', [61]), ('e', [62]), ('para', [63]), ('tirar', [64]), ('delas', [65]), ('alguma', [66]), ('pouca', [67]), ('de', [68]), ('utilidade', [69]), (',', [70]), ('seria', [71]), ('necessário', [72]), ('não', [73]), ('as', [74]), ('deixar', [75]), ('demorar', [76]), ('muito', [77]), ('tempo', [78]), ('sobre', [79]), ('a', [80]), ('parte', [81]), (',', [82]), ('com', [83]), ('o', [84]), ('medo', [85]), ('de', [86]), ('que', [87]), ('estes', [88]), ('animais', [89]), ('não', [90]), ('adquiram', [91]), ('alguma', [92]), ('podridão', [93]), (',', [94]), ('que', [95]), ('não', [96]), ('pode', [97]), ('deixar', [98]), ('de', [99]), ('ser', [100]), ('nociva', [101]), (',', [102]), ('salvo', [103]), ('se', [104]), ('se', [105]), ('repetir', [106]), ('a', [107]), ('sua', [108]), ('aplicação', [109]), ('muitíssimas', [110]), ('vezes', [111]), ('.', [112])]
[('Se', [0]), ('todos', [1]), ('os', [2]), ('remedios', [3]), (',', [4]), ('que', [5]), ('eu', [6]), ('tenho', [7]), ('indicado', [8]), ('obrarem', [9]), ('para', [10]), ('bem', [11]), (',', [12]), ('achar-se-haõ', [13]), ('cada', [14]), ('vez', [15]), ('melhor', [16]), ('de', [17]), ('hum', [18]), ('dia', [19]), ('para', [20]), ('outro', [21]), (';', [22]), ('assim', [23]), ('desde', [24]), ('que', [25]), ('se', [26]), ('conhecer', [27]), ('esta', [28]), ('melhora', [29]), (',', [30]), ('dar-se-lhe-ha', [31]), ('por', [32]), ('todo', [33]), ('o', [34]), ('remedio', [35]), ('cada', [36]), ('dia', [37]), ('huma', [38]), ('porçaõ', [39]), ('dos', [40]), ('pós', [41]), ('do', [42]), ('N.31', [43]), ('.', [43]), (',', [44]), ('até', [45]), ('que', [46]), ('a', [47]), ('febre', [48]), ('tenha', [49]), ('parado', [50]), (';', [51]), ('entaõ', [52]), ('purgar-se-haõ', [53]), ('os', [54]), ('doentes', [55]), ('com', [56]), ('o', [57]), ('laxante', [58]), ('do', [59]), ('N.', [60]), ('14.', [61]), (',', [62]), ('e', [63]), ('depois', [64]), ('por-se-haõ', [65]), ('na', [66]), ('dieta', [67]), ('dos', [68]), ('convalescentes', [69]), ('.', [70])]	[('Se', [0]), ('todos', [1]), ('os', [2]), ('remédios', [3]), (',', [4]), ('que', [5]), ('eu', [6]), ('tenho', [7]), ('indicado', [8]), ('obrarem', [9]), ('para', [10]), ('bem', [11]), (',', [12]), ('achar-se-ão', [13]), ('cada', [14]), ('vez', [15]), ('melhor', [16]), ('de', [17]), ('um', [18]), ('dia', [19]), ('para', [20]), ('outro', [21]), (';', [22]), ('assim', [23]), ('desde', [24]), ('que', [25]), ('se', [26]), ('conhecer', [27]), ('esta', [28]), ('melhora', [29]), (',', [30]), ('dar-se-lhe-á', [31]), ('por', [32]), ('todo', [33]), ('o', [34]), ('remédio', [35]), ('cada', [36]), ('dia', [37]), ('uma', [38]), ('porção', [39]), ('dos', [40]), ('pós', [41]), ('do', [42]), ('N.31.', [43]), (',', [45]), ('até', [46]), ('que', [47]), ('a', [48]), ('febre', [49]), ('tenha', [50]), ('parado', [51]), (';', [52]), ('então', [53]), ('purgar-se-ão', [54]), ('os', [55]), ('doentes', [56]), ('com', [57]), ('o', [58]), ('laxante', [59]), ('do', [60]), ('N.', [61]), ('14.', [62]), (',', [63]), ('e', [64]), ('depois', [65]), ('pôr-se-ão', [66]), ('na', [67]), ('dieta', [68]), ('dos', [69]), ('convalescentes', [70]), ('.', [71])]
[('Se', [0]), ('no', [1]), ('tempo', [2]), ('da', [3]), ('convalescença', [4]), ('tardar', [5]), ('em', [6]), ('tornar', [7]), ('a', [8]), ('vir', [9]), ('a', [10]), ('vontade', [11]), ('de', [12]), ('comer', [13]), (',', [14]), ('entaõ', [15]), ('dar-se-ha', [16]), ('por', [17]), ('tres', [18]), (',', [19]), ('ou', [20]), ('quatro', [21]), ('dias', [22]), (',', [23]), ('hum', [24]), ('dia', [25]), ('fim', [26]), (',', [27]), ('outro', [28]), ('naõ', [29]), (',', [30]), ('huma', [31]), ('porçaõ', [32]), ('de', [33]), ('boa', [34]), ('quina', [35]), (':', [36]), ('(', [37]), ('vê-de', [38]), ('a', [39]), ('formula', [40]), (',', [41]), ('ou', [42]), ('receita', [43]), ('do', [44]), ('N.º', [45]), ('23.', [46]), (',', [47]), (')', [48]), ('esta', [49]), ('casca', [50]), ('salutifera', [51]), ('fortifica', [52]), ('o', [53]), ('estomago', [54]), (',', [55]), ('restitue', [56]), ('ás', [57]), ('tripas', [58]), ('a', [59]), ('elasticidade', [60]), (',', [61]), ('e', [62]), ('o', [63]), ('tom', [64]), (',', [65]), ('que', [66]), ('ellas', [67]), ('tinhaõ', [68]), ('perdido', [69]), ('no', [70]), ('tempo', [71]), ('da', [72]), ('doença', [73]), (',', [74]), ('e', [75]), ('faz', [76]), ('prevenir', [77]), ('muitas', [78]), ('vezes', [79]), ('huma', [80]), ('recahida', [81]), ('.', [82])]	[('Se', [0]), ('no', [1]), ('tempo', [2]), ('da', [3]), ('convalescença', [4]), ('tardar', [5]), ('em', [6]), ('tornar', [7]), ('a', [8]), ('vir', [9]), ('a', [10]), ('vontade', [11]), ('de', [12]), ('comer', [13]), (',', [14]), ('então', [15]), ('dar-se-á', [16]), ('por', [17]), ('três', [18]), (',', [19]), ('ou', [20]), ('quatro', [21]), ('dias', [22]), (',', [23]), ('um', [24]), ('dia', [25]), ('fim', [26]), (',', [27]), ('outro', [28]), ('não', [29]), (',', [30]), ('uma', [31]), ('porção', [32]), ('de', [33]), ('boa', [34]), ('quina', [35]), (':', [36]), ('(', [37]), ('vede', [38]), ('a', [39]), ('fórmula', [40]), (',', [41]), ('ou', [42]), ('receita', [43]), ('do', [44]), ('N.º', [45]), ('23.', [46]), (',', [47]), (')', [48]), ('esta', [49]), ('casca', [50]), ('salutífera', [51]), ('fortifica', [52]), ('o', [53]), ('estômago', [54]), (',', [55]), ('restitui', [56]), ('às', [57]), ('tripas', [58]), ('a', [59]), ('elasticidade', [60]), (',', [61]), ('e', [62]), ('o', [63]), ('tom', [64]), (',', [65]), ('que', [66]), ('elas', [67]), ('tinham', [68]), ('perdido', [69]), ('no', [70]), ('tempo', [71]), ('da', [72]), ('doença', [73]), (',', [74]), ('e', [75]), ('faz', [76]), ('prevenir', [77]), ('muitas', [78]), ('vezes', [79]), ('uma', [80]), ('recaída', [81]), ('.', [82])]
[('Finalmente', [0]), ('os', [1]), ('doentes', [2]), ('deveriõ', [3]), ('portar-se', [4]), ('sempre', [5]), ('bem', [6]), ('até', [7]), ('que', [8]), ('se', [9]), ('restabeleçaõ', [10]), (',', [11]), ('e', [12]), ('observaráõ', [13]), ('tudo', [14]), ('aquillo', [15]), (',', [16]), ('que', [17]), ('foi', [18]), ('determinado', [19]), ('no', [20]), ('Capitulo', [21]), ('precedente', [22]), ('das', [23]), ('febres', [24]), ('podres', [25]), (',', [26]), ('e', [27]), ('intermittentes', [28]), ('.', [29])]	[('Finalmente', [0]), ('os', [1]), ('doentes', [2]), ('deveriam', [3]), ('portar-se', [4]), ('sempre', [5]), ('bem', [6]), ('até', [7]), ('que', [8]), ('se', [9]), ('restabeleçam', [10]), (',', [11]), ('e', [12]), ('observarão', [13]), ('tudo', [14]), ('aquilo', [15]), (',', [16]), ('que', [17]), ('foi', [18]), ('determinado', [19]), ('no', [20]), ('Capítulo', [21]), ('precedente', [22]), ('das', [23]), ('febres', [24]), ('podres', [25]), (',', [26]), ('e', [27]), ('intermitentes', [28]), ('.', [29])]