[('OBSERVAÇAM', [0]), ('XC', [1])]	[('OBSERVAÇÃO', [0]), ('XC', [1])]


[('De', [0]), ('huma', [1]), ('febre', [2]), ('ardentissima', [3]), ('taõ', [4]), ('obstinada', [5]), (',', [6]), ('que', [7]), ('desprezou', [8]), ('a', [9]), ('quantos', [10]), ('remedios', [11]), ('lhe', [12]), ('fizeraõ', [13]), (',', [14]), ('até', [15]), ('que', [16]), ('conheci', [17]), ('q', [18]), ('a', [19]), ('rebeldia', [20]), ('della', [21]), ('procedia', [22]), ('da', [23]), ('grande', [24]), ('quentura', [25]), ('da', [26]), ('casa', [27]), ('em', [28]), ('que', [29]), ('o', [30]), ('doente', [31]), ('estava', [32]), (',', [33]), ('porque', [34]), ('tinha', [35]), ('por', [36]), ('baixo', [37]), ('hum', [38]), ('forno', [39]), ('de', [40]), ('hum', [41]), ('pasteleiro', [42]), (',', [43]), ('&', [44]), ('mandando', [45]), ('eu', [46]), ('tirar', [47]), ('o', [48]), ('doente', [49]), ('para', [50]), ('casa', [51]), ('mais', [52]), ('fresca', [53]), (',', [54]), ('melhorou', [55]), ('quasi', [56]), ('de', [57]), ('repente', [58]), ('.', [59])]	[('De', [0]), ('uma', [1]), ('febre', [2]), ('ardentíssima', [3]), ('tão', [4]), ('obstinada', [5]), (',', [6]), ('que', [7]), ('desprezou', [8]), ('a', [9]), ('quantos', [10]), ('remédios', [11]), ('lhe', [12]), ('fizeram', [13]), (',', [14]), ('até', [15]), ('que', [16]), ('conheci', [17]), ('que', [18]), ('a', [19]), ('rebeldia', [20]), ('dela', [21]), ('procedia', [22]), ('da', [23]), ('grande', [24]), ('quentura', [25]), ('da', [26]), ('casa', [27]), ('em', [28]), ('que', [29]), ('o', [30]), ('doente', [31]), ('estava', [32]), (',', [33]), ('porque', [34]), ('tinha', [35]), ('por', [36]), ('baixo', [37]), ('um', [38]), ('forno', [39]), ('de', [40]), ('um', [41]), ('pasteleiro', [42]), (',', [43]), ('e', [44]), ('mandando', [45]), ('eu', [46]), ('tirar', [47]), ('o', [48]), ('doente', [49]), ('para', [50]), ('casa', [51]), ('mais', [52]), ('fresca', [53]), (',', [54]), ('melhorou', [55]), ('quase', [56]), ('de', [57]), ('repente', [58]), ('.', [59])]


[('Huma', [0]), ('das', [1]), ('cousas', [2]), ('que', [3]), ('Galeno', [4]), (',', [5]), ('(', [6]), ('1', [7]), ('.', [8]), (')', [9]), ('&', [10]), ('outros', [11]), ('Authores', [12]), ('encomendaõ', [13]), ('muito', [14]), (',', [15]), ('&', [16]), ('que', [17]), ('he', [18]), ('muito', [19]), ('necessaria', [20]), ('para', [21]), ('curar', [22]), ('as', [23]), ('febres', [24]), (',', [25]), ('he', [26]), ('que', [27]), ('os', [28]), ('doentes', [29]), ('esstejaõ', [30]), ('em', [31]), ('casas', [32]), ('grandes', [33]), (',', [34]), ('&', [35]), ('frescas', [36]), ('por', [37]), ('natureza', [38]), (',', [39]), ('ou', [40]), ('por', [41]), ('artificio', [42]), (',', [43]), ('&', [44]), ('que', [45]), ('tenhaõ', [46]), ('janelas', [47]), (';', [48]), ('porque', [49]), ('se', [50]), ('forem', [51]), ('pequenas', [52]), (',', [53]), ('quentes', [54]), (',', [55]), ('ou', [56]), ('abafadiças', [57]), (',', [58]), ('necessariamente', [59]), ('o', [60]), ('ar', [61]), ('das', [62]), ('taes', [63]), ('casas', [64]), ('ha', [65]), ('de', [66]), ('ser', [67]), ('quente', [68]), (',', [69]), ('&', [70]), ('incapaz', [71]), ('para', [72]), ('temperar', [73]), ('o', [74]), ('incendio', [75]), ('do', [76]), ('coraçaõ', [77]), (',', [78]), ('&', [79]), ('para', [80]), ('se', [81]), ('gerarem', [82]), ('delle', [83]), ('novos', [84]), ('espiritos', [85]), (':', [86]), ('&', [87]), ('faltando', [88]), ('qualquer', [89]), ('soccorro', [90]), ('destes', [91]), ('aos', [92]), ('febricitantes', [93]), (',', [94]), ('infallivelmente', [95]), ('perigaraõ', [96]), (',', [97]), ('nem', [98]), ('as', [99]), ('febres', [100]), ('se', [101]), ('tiraraõ', [102]), (',', [103]), ('sem', [104]), ('que', [105]), ('tirem', [106]), ('primeiro', [107]), ('a', [108]), ('vida', [109]), ('.', [110])]	[('Uma', [0]), ('das', [1]), ('coisas', [2]), ('que', [3]), ('Galeno', [4]), (',', [5]), ('(', [6]), ('1', [7]), ('.', [8]), (')', [9]), ('e', [10]), ('outros', [11]), ('Autores', [12]), ('encomendam', [13]), ('muito', [14]), (',', [15]), ('e', [16]), ('que', [17]), ('é', [18]), ('muito', [19]), ('necessária', [20]), ('para', [21]), ('curar', [22]), ('as', [23]), ('febres', [24]), (',', [25]), ('é', [26]), ('que', [27]), ('os', [28]), ('doentes', [29]), ('estejam', [30]), ('em', [31]), ('casas', [32]), ('grandes', [33]), (',', [34]), ('e', [35]), ('frescas', [36]), ('por', [37]), ('natureza', [38]), (',', [39]), ('ou', [40]), ('por', [41]), ('artificio', [42]), (',', [43]), ('e', [44]), ('que', [45]), ('tenham', [46]), ('janelas', [47]), (';', [48]), ('porque', [49]), ('se', [50]), ('forem', [51]), ('pequenas', [52]), (',', [53]), ('quentes', [54]), (',', [55]), ('ou', [56]), ('abafadiças', [57]), (',', [58]), ('necessariamente', [59]), ('o', [60]), ('ar', [61]), ('das', [62]), ('tais', [63]), ('casas', [64]), ('há', [65]), ('de', [66]), ('ser', [67]), ('quente', [68]), (',', [69]), ('e', [70]), ('incapaz', [71]), ('para', [72]), ('temperar', [73]), ('o', [74]), ('incêndio', [75]), ('do', [76]), ('coração', [77]), (',', [78]), ('e', [79]), ('para', [80]), ('se', [81]), ('gerarem', [82]), ('dele', [83]), ('novos', [84]), ('espíritos', [85]), (':', [86]), ('e', [87]), ('faltando', [88]), ('qualquer', [89]), ('socorro', [90]), ('destes', [91]), ('aos', [92]), ('febricitantes', [93]), (',', [94]), ('infalivelmente', [95]), ('perigarão', [96]), (',', [97]), ('nem', [98]), ('as', [99]), ('febres', [100]), ('se', [101]), ('tirarão', [102]), (',', [103]), ('sem', [104]), ('que', [105]), ('tirem', [106]), ('primeiro', [107]), ('a', [108]), ('vida', [109]), ('.', [110])]


[('E', [0]), ('porque', [1]), ('alguem', [2]), ('naõ', [3]), ('cuide', [4]), ('que', [5]), ('isto', [6]), (',', [7]), ('he', [8]), ('encarecimento', [9]), (',', [10]), ('referirei', [11]), ('tres', [12]), ('casos', [13]), (',', [14]), ('que', [15]), ('me', [16]), ('passaraõ', [17]), ('pelas', [18]), ('mãos', [19]), (',', [20]), ('com', [21]), ('que', [22]), ('confirmei', [23]), ('a', [24]), ('verdade', [25]), (',', [26]), ('em', [27]), ('que', [28]), ('se', [29]), ('funda', [30]), ('o', [31]), ('meu', [32]), ('conselho', [33]), ('.', [34])]	[('E', [0]), ('porque', [1]), ('alguém', [2]), ('não', [3]), ('cuide', [4]), ('que', [5]), ('isto', [6]), (',', [7]), ('é', [8]), ('encarecimento', [9]), (',', [10]), ('referirei', [11]), ('três', [12]), ('casos', [13]), (',', [14]), ('que', [15]), ('me', [16]), ('passaram', [17]), ('pelas', [18]), ('mãos', [19]), (',', [20]), ('com', [21]), ('que', [22]), ('confirmei', [23]), ('a', [24]), ('verdade', [25]), (',', [26]), ('em', [27]), ('que', [28]), ('se', [29]), ('funda', [30]), ('o', [31]), ('meu', [32]), ('conselho', [33]), ('.', [34])]


[('No', [0]), ('fim', [1]), ('de', [2]), ('Julho', [3]), ('de', [4]), ('1668', [5]), (',', [6]), ('me', [7]), ('chamaraõ', [8]), ('para', [9]), ('curar', [10]), ('ao', [11]), ('Padre', [12]), ('Alvaro', [13]), ('Ferreira', [14]), (',', [15]), ('morador', [16]), ('ao', [17]), ('Remolares', [18]), (':', [19]), ('avia', [20]), ('muitos', [21]), ('dias', [22]), ('que', [23]), ('este', [24]), ('Sacerdote', [25]), ('padecia', [26]), ('hũa', [27]), ('febre', [28]), ('terçãa', [29]), ('continua', [30]), ('taõ', [31]), ('ardente', [32]), (',', [33]), ('&', [34]), ('pertinaz', [35]), (',', [36]), ('que', [37]), ('tinha', [38]), ('zombado', [39]), ('dos', [40]), ('remedios', [41]), ('mais', [42]), ('efficazes', [43]), (',', [44]), ('que', [45]), ('inventou', [46]), ('o', [47]), ('engenho', [48]), ('dos', [49]), ('homens', [50]), (',', [51]), ('&', [52]), ('como', [53]), ('eu', [54]), ('visse', [55]), ('a', [56]), ('obstinaçaõ', [57]), ('da', [58]), ('febre', [59]), (',', [60]), ('&', [61]), ('que', [62]), ('a', [63]), ('nenhuma', [64]), ('diligencia', [65]), ('obedecia', [66]), (',', [67]), ('comecei', [68]), ('a', [69]), ('discursar', [70]), ('qual', [71]), ('seria', [72]), ('a', [73]), ('causa', [74]), ('de', [75]), ('taõ', [76]), ('porfiada', [77]), ('resistencia', [78]), (',', [79]), ('&', [80]), ('vim', [81]), ('a', [82]), ('entender', [83]), (',', [84]), ('que', [85]), ('como', [86]), ('o', [87]), ('aposento', [88]), (',', [89]), ('em', [90]), ('que', [91]), ('o', [92]), ('doente', [93]), ('estava', [94]), (',', [95]), ('era', [96]), ('pequeno', [97]), (',', [98]), ('&', [99]), ('naõ', [100]), ('tinha', [101]), ('mais', [102]), ('que', [103]), ('huma', [104]), ('janella', [105]), ('sem', [106]), ('correspondencia', [107]), ('de', [108]), ('outra', [109]), ('por', [110]), ('onde', [111]), ('entrasse', [112]), (',', [113]), ('e', [114]), ('sahisse', [115]), ('o', [116]), ('ar', [117]), ('necessario', [118]), ('para', [119]), ('refrigerio', [120]), ('do', [121]), ('coraçaõ', [122]), (',', [123]), ('&', [124]), ('como', [125]), ('juntamente', [126]), ('soubesse', [127]), (',', [128]), ('que', [129]), ('debaixo', [130]), ('da', [131]), ('cama', [132]), ('do', [133]), ('enfermo', [134]), ('estava', [135]), ('hum', [136]), ('forno', [137]), ('de', [138]), ('pasteleiro', [139]), (',', [140]), ('facilmente', [141]), ('entendi', [142]), ('que', [143]), ('todas', [144]), ('estas', [145]), ('cousas', [146]), ('concorriaõ', [147]), ('para', [148]), ('que', [149]), ('a', [150]), ('febre', [151]), ('perseverasse', [152]), (',', [153]), ('&', [154]), ('o', [155]), ('doente', [156]), ('naõ', [157]), ('tivesse', [158]), ('melhoria', [159]), (';', [160]), ('pois', [161]), ('o', [162]), ('ar', [163]), (',', [164]), ('que', [165]), ('o', [166]), ('enfermo', [167]), ('respirava', [168]), (',', [169]), ('era', [170]), ('taõ', [171]), ('quente', [172]), (',', [173]), ('que', [174]), ('parecia', [175]), ('fogo', [176]), (',', [177]), ('quando', [178]), ('(', [179]), ('a', [180]), ('respeito', [181]), ('da', [182]), ('febre', [183]), (')', [184]), ('devia', [185]), ('ser', [186]), ('mais', [187]), ('frio', [188]), (',', [189]), ('que', [190]), ('o', [191]), ('de', [192]), ('que', [193]), ('necessitaõ', [194]), ('os', [195]), ('que', [196]), ('tem', [197]), ('saude', [198]), ('.', [199])]	[('No', [0]), ('fim', [1]), ('de', [2]), ('Julho', [3]), ('de', [4]), ('1668', [5]), (',', [6]), ('me', [7]), ('chamaram', [8]), ('para', [9]), ('curar', [10]), ('ao', [11]), ('Padre', [12]), ('Alvaro', [13]), ('Ferreira', [14]), (',', [15]), ('morador', [16]), ('ao', [17]), ('Remolares', [18]), (':', [19]), ('havia', [20]), ('muitos', [21]), ('dias', [22]), ('que', [23]), ('este', [24]), ('Sacerdote', [25]), ('padecia', [26]), ('uma', [27]), ('febre', [28]), ('terçã', [29]), ('continua', [30]), ('tão', [31]), ('ardente', [32]), (',', [33]), ('e', [34]), ('pertinaz', [35]), (',', [36]), ('que', [37]), ('tinha', [38]), ('zombado', [39]), ('dos', [40]), ('remédios', [41]), ('mais', [42]), ('eficazes', [43]), (',', [44]), ('que', [45]), ('inventou', [46]), ('o', [47]), ('engenho', [48]), ('dos', [49]), ('homens', [50]), (',', [51]), ('e', [52]), ('como', [53]), ('eu', [54]), ('visse', [55]), ('a', [56]), ('obstinação', [57]), ('da', [58]), ('febre', [59]), (',', [60]), ('e', [61]), ('que', [62]), ('a', [63]), ('nenhuma', [64]), ('diligência', [65]), ('obedecia', [66]), (',', [67]), ('comecei', [68]), ('a', [69]), ('discursar', [70]), ('qual', [71]), ('seria', [72]), ('a', [73]), ('causa', [74]), ('de', [75]), ('tão', [76]), ('porfiada', [77]), ('resistência', [78]), (',', [79]), ('e', [80]), ('vim', [81]), ('a', [82]), ('entender', [83]), (',', [84]), ('que', [85]), ('como', [86]), ('o', [87]), ('aposento', [88]), (',', [89]), ('em', [90]), ('que', [91]), ('o', [92]), ('doente', [93]), ('estava', [94]), (',', [95]), ('era', [96]), ('pequeno', [97]), (',', [98]), ('e', [99]), ('não', [100]), ('tinha', [101]), ('mais', [102]), ('que', [103]), ('uma', [104]), ('janela', [105]), ('sem', [106]), ('correspondência', [107]), ('de', [108]), ('outra', [109]), ('por', [110]), ('onde', [111]), ('entrasse', [112]), (',', [113]), ('e', [114]), ('saísse', [115]), ('o', [116]), ('ar', [117]), ('necessário', [118]), ('para', [119]), ('refrigério', [120]), ('do', [121]), ('coração', [122]), (',', [123]), ('e', [124]), ('como', [125]), ('juntamente', [126]), ('soubesse', [127]), (',', [128]), ('que', [129]), ('debaixo', [130]), ('da', [131]), ('cama', [132]), ('do', [133]), ('enfermo', [134]), ('estava', [135]), ('um', [136]), ('forno', [137]), ('de', [138]), ('pasteleiro', [139]), (',', [140]), ('facilmente', [141]), ('entendi', [142]), ('que', [143]), ('todas', [144]), ('estas', [145]), ('coisas', [146]), ('concorriam', [147]), ('para', [148]), ('que', [149]), ('a', [150]), ('febre', [151]), ('perseverasse', [152]), (',', [153]), ('e', [154]), ('o', [155]), ('doente', [156]), ('não', [157]), ('tivesse', [158]), ('melhoria', [159]), (';', [160]), ('pois', [161]), ('o', [162]), ('ar', [163]), (',', [164]), ('que', [165]), ('o', [166]), ('enfermo', [167]), ('respirava', [168]), (',', [169]), ('era', [170]), ('tão', [171]), ('quente', [172]), (',', [173]), ('que', [174]), ('parecia', [175]), ('fogo', [176]), (',', [177]), ('quando', [178]), ('(', [179]), ('a', [180]), ('respeito', [181]), ('da', [182]), ('febre', [183]), (')', [184]), ('devia', [185]), ('ser', [186]), ('mais', [187]), ('frio', [188]), (',', [189]), ('que', [190]), ('o', [191]), ('de', [192]), ('que', [193]), ('necessitam', [194]), ('os', [195]), ('que', [196]), ('tem', [197]), ('saúde', [198]), ('.', [199])]


[('Milagre', [0]), ('pareceo', [1]), (',', [2]), ('que', [3]), ('hum', [4]), ('homem', [5]), ('moço', [6]), ('atracado', [7]), ('com', [8]), ('huma', [9]), ('febre', [10]), ('artentissima', [11]), ('em', [12]), ('tempo', [13]), ('muito', [14]), ('caloroso', [15]), (',', [16]), ('&', [17]), ('deitado', [18]), ('sobre', [19]), ('hum', [20]), ('forno', [21]), ('naõ', [22]), ('morresse', [23]), ('abrazado', [24]), (',', [25]), ('tendo', [26]), ('contra', [27]), ('si', [28]), ('tantos', [29]), ('inimigos', [30]), ('juntos', [31]), (',', [32]), ('porèm', [33]), ('como', [34]), ('Deos', [35]), ('tinha', [36]), ('antevisto', [37]), (',', [38]), ('que', [39]), ('aquelle', [40]), ('enfermo', [41]), ('avia', [42]), ('de', [43]), ('escolher', [44]), ('estado', [45]), ('mais', [46]), ('perfeito', [47]), (',', [48]), ('fazendose', [49]), ('Religioso', [50]), ('de', [51]), ('Saõ', [52]), ('Jeronymo', [53]), (',', [54]), ('se', [55]), ('dignou', [56]), ('darme', [57]), ('luz', [58]), ('para', [59]), ('que', [60]), ('conhecesse', [61]), (',', [62]), ('que', [63]), ('a', [64]), ('resistencia', [65]), ('da', [66]), ('febre', [67]), ('procedia', [68]), ('do', [69]), ('calor', [70]), ('do', [71]), ('forno', [72]), ('ajudado', [73]), ('da', [74]), ('pequenhez', [75]), ('da', [76]), ('casa', [77]), (',', [78]), ('&', [79]), ('da', [80]), ('ardencia', [81]), ('das', [82]), ('calmas', [83]), (';', [84]), ('&', [85]), ('assentando', [86]), ('eu', [87]), ('que', [88]), ('estas', [89]), ('eraõ', [90]), ('as', [91]), ('causas', [92]), (',', [93]), ('mandei', [94]), ('q', [95]), ('logo', [96]), ('mudassem', [97]), ('ao', [98]), ('doente', [99]), ('para', [100]), ('aposento', [101]), ('mais', [102]), ('fresco', [103]), (',', [104]), ('&', [105]), ('lavado', [106]), ('do', [107]), ('ar', [108]), (';', [109]), ('&', [110]), ('foy', [111]), ('esta', [112]), ('mudança', [113]), ('taõ', [114]), ('acertada', [115]), (',', [116]), ('que', [117]), ('dentro', [118]), ('de', [119]), ('poucos', [120]), ('dias', [121]), ('conseguio', [122]), ('a', [123]), ('saude', [124]), ('que', [125]), ('desejava', [126]), (',', [127]), ('sem', [128]), ('ser', [129]), ('necessario', [130]), ('outro', [131]), ('remedio', [132]), ('mais', [133]), ('que', [134]), ('humas', [135]), ('ajudas', [136]), ('de', [137]), ('ameijoada', [138]), (',', [139]), ('feitas', [140]), ('de', [141]), ('quatro', [142]), ('onças', [143]), ('de', [144]), ('caldo', [145]), ('de', [146]), ('frangaõ', [147]), ('cozido', [148]), ('com', [149]), ('cevada', [150]), (',', [151]), ('alface', [152]), (',', [153]), ('&', [154]), ('farelos', [155]), ('lavados', [156]), (',', [157]), ('a', [158]), ('que', [159]), ('fiz', [160]), ('ajuntar', [161]), ('tres', [162]), ('onças', [163]), ('de', [164]), ('agua', [165]), ('de', [166]), ('claras', [167]), ('de', [168]), ('ovos', [169]), ('bem', [170]), ('batidas', [171]), (',', [172]), ('dandolhe', [173]), ('ao', [174]), ('romper', [175]), ('dos', [176]), ('dias', [177]), ('huns', [178]), ('caldos', [179]), ('de', [180]), ('farinha', [181]), ('de', [182]), ('avea', [183]), (',', [184]), ('feitos', [185]), ('em', [186]), ('agua', [187]), ('primeiro', [188]), ('cozida', [189]), ('com', [190]), ('farelos', [191]), (',', [192]), ('&', [193]), ('pouquissimo', [194]), ('assucar', [195]), ('.', [196])]	[('Milagre', [0]), ('pareceu', [1]), (',', [2]), ('que', [3]), ('um', [4]), ('homem', [5]), ('moço', [6]), ('atracado', [7]), ('com', [8]), ('uma', [9]), ('febre', [10]), ('ardentíssima', [11]), ('em', [12]), ('tempo', [13]), ('muito', [14]), ('caloroso', [15]), (',', [16]), ('e', [17]), ('deitado', [18]), ('sobre', [19]), ('um', [20]), ('forno', [21]), ('não', [22]), ('morresse', [23]), ('abrasado', [24]), (',', [25]), ('tendo', [26]), ('contra', [27]), ('si', [28]), ('tantos', [29]), ('inimigos', [30]), ('juntos', [31]), (',', [32]), ('porém', [33]), ('como', [34]), ('Deus', [35]), ('tinha', [36]), ('antevisto', [37]), (',', [38]), ('que', [39]), ('aquele', [40]), ('enfermo', [41]), ('havia', [42]), ('de', [43]), ('escolher', [44]), ('estado', [45]), ('mais', [46]), ('perfeito', [47]), (',', [48]), ('fazendo-se', [49]), ('Religioso', [50]), ('de', [51]), ('São', [52]), ('Jerônimo', [53]), (',', [54]), ('se', [55]), ('dignou', [56]), ('dar-me', [57]), ('luz', [58]), ('para', [59]), ('que', [60]), ('conhecesse', [61]), (',', [62]), ('que', [63]), ('a', [64]), ('resistência', [65]), ('da', [66]), ('febre', [67]), ('procedia', [68]), ('do', [69]), ('calor', [70]), ('do', [71]), ('forno', [72]), ('ajudado', [73]), ('da', [74]), ('pequenhez', [75]), ('da', [76]), ('casa', [77]), (',', [78]), ('e', [79]), ('da', [80]), ('ardência', [81]), ('das', [82]), ('calmas', [83]), (';', [84]), ('e', [85]), ('assentando', [86]), ('eu', [87]), ('que', [88]), ('estas', [89]), ('eram', [90]), ('as', [91]), ('causas', [92]), (',', [93]), ('mandei', [94]), ('que', [95]), ('logo', [96]), ('mudassem', [97]), ('ao', [98]), ('doente', [99]), ('para', [100]), ('aposento', [101]), ('mais', [102]), ('fresco', [103]), (',', [104]), ('e', [105]), ('lavado', [106]), ('do', [107]), ('ar', [108]), (';', [109]), ('e', [110]), ('foi', [111]), ('esta', [112]), ('mudança', [113]), ('tão', [114]), ('acertada', [115]), (',', [116]), ('que', [117]), ('dentro', [118]), ('de', [119]), ('poucos', [120]), ('dias', [121]), ('conseguiu', [122]), ('a', [123]), ('saúde', [124]), ('que', [125]), ('desejava', [126]), (',', [127]), ('sem', [128]), ('ser', [129]), ('necessário', [130]), ('outro', [131]), ('remédio', [132]), ('mais', [133]), ('que', [134]), ('umas', [135]), ('ajudas', [136]), ('de', [137]), ('ameijoada', [138]), (',', [139]), ('feitas', [140]), ('de', [141]), ('quatro', [142]), ('onças', [143]), ('de', [144]), ('caldo', [145]), ('de', [146]), ('frangão', [147]), ('cozido', [148]), ('com', [149]), ('cevada', [150]), (',', [151]), ('alface', [152]), (',', [153]), ('e', [154]), ('farelos', [155]), ('lavados', [156]), (',', [157]), ('a', [158]), ('que', [159]), ('fiz', [160]), ('ajuntar', [161]), ('três', [162]), ('onças', [163]), ('de', [164]), ('água', [165]), ('de', [166]), ('claras', [167]), ('de', [168]), ('ovos', [169]), ('bem', [170]), ('batidas', [171]), (',', [172]), ('dando-lhe', [173]), ('ao', [174]), ('romper', [175]), ('dos', [176]), ('dias', [177]), ('uns', [178]), ('caldos', [179]), ('de', [180]), ('farinha', [181]), ('de', [182]), ('aveia', [183]), (',', [184]), ('feitos', [185]), ('em', [186]), ('água', [187]), ('primeiro', [188]), ('cozida', [189]), ('com', [190]), ('farelos', [191]), (',', [192]), ('e', [193]), ('pouquíssimo', [194]), ('açúcar', [195]), ('.', [196])]


[('Neste', [0]), ('lugar', [1]), ('me', [2]), ('perguntaraõ', [3]), ('os', [4]), ('curiosos', [5]), (',', [6]), ('que', [7]), ('razaõ', [8]), ('tive', [9]), ('para', [10]), ('naõ', [11]), ('dar', [12]), ('a', [13]), ('este', [14]), ('enfermo', [15]), ('agua', [16]), ('nevada', [17]), (',', [18]), ('sendo', [19]), ('eu', [20]), ('o', [21]), ('mayor', [22]), (',', [23]), ('e', [24]), ('mais', [25]), ('incansavel', [26]), ('pregoeiro', [27]), ('dos', [28]), ('seus', [29]), ('louvores', [30]), ('para', [31]), ('extinguir', [32]), ('semelhantes', [33]), ('febres', [34]), (',', [35]), ('mayormente', [36]), ('em', [37]), ('hum', [38]), ('homem', [39]), ('moço', [40]), (',', [41]), ('robusto', [42]), (',', [43]), ('&', [44]), ('em', [45]), ('tempo', [46]), ('dos', [47]), ('caniculares', [48]), (',', [49]), ('em', [50]), ('cujas', [51]), ('circunstancias', [52]), ('Galeno', [53]), ('(', [54]), ('1', [55]), ('.', [56]), (')', [57]), ('manda', [58]), ('dar', [59]), ('agua', [60]), ('fria', [61]), ('com', [62]), ('toda', [63]), ('a', [64]), ('confiança', [65]), (':', [66]), ('&', [67]), ('Hippocrates', [68]), ('(', [69]), ('3', [70]), ('.', [71]), (')', [72]), ('faz', [73]), ('tanta', [74]), ('estimaçaõ', [75]), ('das', [76]), ('cousas', [77]), ('frias', [78]), ('para', [79]), ('extinguir', [80]), ('as', [81]), ('febres', [82]), (',', [83]), ('que', [84]), ('até', [85]), ('as', [86]), ('purgas', [87]), ('manda', [88]), ('dar', [89]), ('serenadas', [90]), (',', [91]), ('salvo', [92]), ('o', [93]), ('doente', [94]), ('estiver', [95]), ('com', [96]), ('camaras', [97]), (':', [98]), ('&', [99]), ('porque', [100]), ('razaõ', [101]), ('naõ', [102]), ('lhe', [103]), ('mandei', [104]), ('untar', [105]), ('as', [106]), ('costas', [107]), ('com', [108]), ('çumo', [109]), ('de', [110]), ('abobora', [111]), (',', [112]), ('&', [113]), ('agraço', [114]), (',', [115]), ('applicando-os', [116]), ('eu', [117]), ('a', [118]), ('outros', [119]), ('muitos', [120]), ('febricitantes', [121]), (':', [122]), ('&', [123]), ('para', [124]), ('quando', [125]), ('guardei', [126]), ('as', [127]), ('camas', [128]), ('de', [129]), ('folhas', [130]), ('de', [131]), ('golfaõ', [132]), (',', [133]), ('de', [134]), ('sabugueiro', [135]), (',', [136]), ('ou', [137]), ('de', [138]), ('alface', [139]), (',', [140]), ('de', [141]), ('que', [142]), ('eu', [143]), ('muito', [144]), ('uso', [145]), (':', [146]), ('finalmente', [147]), ('porque', [148]), ('me', [149]), ('naõ', [150]), ('vali', [151]), ('de', [152]), ('deitar', [153]), ('ao', [154]), ('doente', [155]), (',', [156]), ('duas', [157]), ('horas', [158]), ('no', [159]), ('dia', [160]), (',', [161]), ('em', [162]), ('hũ', [163]), ('colchaõ', [164]), ('de', [165]), ('odres', [166]), ('cheyos', [167]), ('de', [168]), ('agua', [169]), ('fria', [170]), ('de', [171]), ('cisterna', [172]), (',', [173]), ('como', [174]), ('já', [175]), ('fiz', [176]), ('a', [177]), ('huma', [178]), ('filha', [179]), ('de', [180]), ('Joaõ', [181]), ('de', [182]), ('Barros', [183]), (',', [184]), ('ourives', [185]), ('da', [186]), ('prata', [187]), (',', [188]), ('&', [189]), ('a', [190]), ('huma', [191]), ('netinha', [192]), ('de', [193]), ('Pedralves', [194]), ('Cabral', [195]), ('de', [196]), ('Lacerda', [197]), (',', [198]), ('a', [199]), ('hum', [200]), ('filho', [201]), ('de', [202]), ('Pedro', [203]), ('de', [204]), ('Araujo', [205]), (',', [206]), ('&', [207]), ('a', [208]), ('outros', [209]), ('doentes', [210]), (',', [211]), ('que', [212]), ('ardendo', [213]), ('em', [214]), ('incendios', [215]), ('de', [216]), ('fogo', [217]), (',', [218]), ('sem', [219]), ('que', [220]), ('algum', [221]), ('remedio', [222]), ('os', [223]), ('pudesse', [224]), ('apagar', [225]), (',', [226]), ('só', [227]), ('com', [228]), ('os', [229]), ('deitar', [230]), ('nos', [231]), ('colchões', [232]), ('de', [233]), ('agua', [234]), ('de', [235]), ('cisterna', [236]), ('os', [237]), ('curei', [238]), ('felizmente', [239]), ('.', [240])]	[('Neste', [0]), ('lugar', [1]), ('me', [2]), ('perguntaram', [3]), ('os', [4]), ('curiosos', [5]), (',', [6]), ('que', [7]), ('razão', [8]), ('tive', [9]), ('para', [10]), ('não', [11]), ('dar', [12]), ('a', [13]), ('este', [14]), ('enfermo', [15]), ('água', [16]), ('nevada', [17]), (',', [18]), ('sendo', [19]), ('eu', [20]), ('o', [21]), ('maior', [22]), (',', [23]), ('e', [24]), ('mais', [25]), ('incansável', [26]), ('pregoeiro', [27]), ('dos', [28]), ('seus', [29]), ('louvores', [30]), ('para', [31]), ('extinguir', [32]), ('semelhantes', [33]), ('febres', [34]), (',', [35]), ('maiormente', [36]), ('em', [37]), ('um', [38]), ('homem', [39]), ('moço', [40]), (',', [41]), ('robusto', [42]), (',', [43]), ('e', [44]), ('em', [45]), ('tempo', [46]), ('dos', [47]), ('caniculares', [48]), (',', [49]), ('em', [50]), ('cujas', [51]), ('circunstâncias', [52]), ('Galeno', [53]), ('(', [54]), ('1', [55]), ('.', [56]), (')', [57]), ('manda', [58]), ('dar', [59]), ('água', [60]), ('fria', [61]), ('com', [62]), ('toda', [63]), ('a', [64]), ('confiança', [65]), (':', [66]), ('e', [67]), ('Hipócrates', [68]), ('(', [69]), ('3', [70]), ('.', [71]), (')', [72]), ('faz', [73]), ('tanta', [74]), ('estimação', [75]), ('das', [76]), ('coisas', [77]), ('frias', [78]), ('para', [79]), ('extinguir', [80]), ('as', [81]), ('febres', [82]), (',', [83]), ('que', [84]), ('até', [85]), ('as', [86]), ('purgas', [87]), ('manda', [88]), ('dar', [89]), ('serenadas', [90]), (',', [91]), ('salvo', [92]), ('o', [93]), ('doente', [94]), ('estiver', [95]), ('com', [96]), ('câmaras', [97]), (':', [98]), ('e', [99]), ('porque', [100]), ('razão', [101]), ('não', [102]), ('lhe', [103]), ('mandei', [104]), ('untar', [105]), ('as', [106]), ('costas', [107]), ('com', [108]), ('sumo', [109]), ('de', [110]), ('abóbora', [111]), (',', [112]), ('e', [113]), ('agraço', [114]), (',', [115]), ('aplicando-os', [116]), ('eu', [117]), ('a', [118]), ('outros', [119]), ('muitos', [120]), ('febricitantes', [121]), (':', [122]), ('e', [123]), ('para', [124]), ('quando', [125]), ('guardei', [126]), ('as', [127]), ('camas', [128]), ('de', [129]), ('folhas', [130]), ('de', [131]), ('golfão', [132]), (',', [133]), ('de', [134]), ('sabugueiro', [135]), (',', [136]), ('ou', [137]), ('de', [138]), ('alface', [139]), (',', [140]), ('de', [141]), ('que', [142]), ('eu', [143]), ('muito', [144]), ('uso', [145]), (':', [146]), ('finalmente', [147]), ('porque', [148]), ('me', [149]), ('não', [150]), ('vali', [151]), ('de', [152]), ('deitar', [153]), ('ao', [154]), ('doente', [155]), (',', [156]), ('duas', [157]), ('horas', [158]), ('no', [159]), ('dia', [160]), (',', [161]), ('em', [162]), ('um', [163]), ('colchão', [164]), ('de', [165]), ('odres', [166]), ('cheios', [167]), ('de', [168]), ('água', [169]), ('fria', [170]), ('de', [171]), ('cisterna', [172]), (',', [173]), ('como', [174]), ('já', [175]), ('fiz', [176]), ('a', [177]), ('uma', [178]), ('filha', [179]), ('de', [180]), ('João', [181]), ('de', [182]), ('Barros', [183]), (',', [184]), ('ourives', [185]), ('da', [186]), ('prata', [187]), (',', [188]), ('e', [189]), ('a', [190]), ('uma', [191]), ('netinha', [192]), ('de', [193]), ('Pedralves', [194]), ('Cabral', [195]), ('de', [196]), ('Lacerda', [197]), (',', [198]), ('a', [199]), ('um', [200]), ('filho', [201]), ('de', [202]), ('Pedro', [203]), ('de', [204]), ('Araujo', [205]), (',', [206]), ('e', [207]), ('a', [208]), ('outros', [209]), ('doentes', [210]), (',', [211]), ('que', [212]), ('ardendo', [213]), ('em', [214]), ('incêndios', [215]), ('de', [216]), ('fogo', [217]), (',', [218]), ('sem', [219]), ('que', [220]), ('algum', [221]), ('remédio', [222]), ('os', [223]), ('pudesse', [224]), ('apagar', [225]), (',', [226]), ('só', [227]), ('com', [228]), ('os', [229]), ('deitar', [230]), ('nos', [231]), ('colchões', [232]), ('de', [233]), ('água', [234]), ('de', [235]), ('cisterna', [236]), ('os', [237]), ('curei', [238]), ('felizmente', [239]), ('.', [240])]


[('A', [0]), ('estas', [1]), ('perguntas', [2]), ('respondo', [3]), (',', [4]), ('que', [5]), ('todos', [6]), ('estes', [7]), ('remedios', [8]), ('pudera', [9]), ('fazer', [10]), (',', [11]), ('porque', [12]), ('de', [13]), ('todos', [14]), ('costumo', [15]), ('usar', [16]), ('com', [17]), ('grande', [18]), ('fortuna', [19]), (';', [20]), ('mas', [21]), ('que', [22]), ('naõ', [23]), ('me', [24]), ('vali', [25]), ('delles', [26]), (',', [27]), ('porque', [28]), ('como', [29]), ('o', [30]), ('calor', [31]), ('da', [32]), ('casa', [33]), (',', [34]), ('&', [35]), ('o', [36]), ('ar', [37]), (',', [38]), ('que', [39]), ('o', [40]), ('doente', [41]), ('respirava', [42]), (',', [43]), ('eraõ', [44]), ('os', [45]), ('mayores', [46]), ('cumplices', [47]), ('da', [48]), ('febre', [49]), (',', [50]), ('&', [51]), ('da', [52]), ('sua', [53]), ('renitencia', [54]), (',', [55]), ('importariaõ', [56]), ('pouco', [57]), ('todos', [58]), ('os', [59]), ('outros', [60]), ('remedios', [61]), (',', [62]), ('senaõ', [63]), ('mudasse', [64]), ('ao', [65]), ('doente', [66]), ('para', [67]), ('casa', [68]), ('fresca', [69]), (',', [70]), ('como', [71]), ('o', [72]), ('fiz', [73]), ('naõ', [74]), ('só', [75]), ('a', [76]), ('este', [77]), (',', [78]), ('mas', [79]), ('a', [80]), ('hum', [81]), ('filho', [82]), ('de', [83]), ('hum', [84]), ('sombreireiro', [85]), ('morador', [86]), ('ao', [87]), ('Tronco', [88]), (',', [89]), ('o', [90]), ('qual', [91]), ('teve', [92]), ('hũa', [93]), ('febre', [94]), ('taõ', [95]), ('teimosa', [96]), (',', [97]), ('que', [98]), ('a', [99]), ('nenhum', [100]), ('remedio', [101]), ('obedeceo', [102]), (',', [103]), ('atè', [104]), ('que', [105]), ('soube', [106]), ('que', [107]), ('debaixo', [108]), ('da', [109]), ('sua', [110]), ('cama', [111]), ('ficava', [112]), ('a', [113]), ('fornalha', [114]), ('em', [115]), ('que', [116]), ('se', [117]), ('fabricavaõ', [118]), ('os', [119]), ('chapeos', [120]), (',', [121]), ('&', [122]), ('o', [123]), ('mesmo', [124]), ('foy', [125]), ('mudallo', [126]), ('para', [127]), ('outra', [128]), ('casa', [129]), ('fresca', [130]), (',', [131]), ('&', [132]), ('darlhe', [133]), ('a', [134]), ('agua', [135]), ('nevada', [136]), (',', [137]), ('que', [138]), ('ter', [139]), ('logo', [140]), ('saude', [141]), (';', [142]), ('&', [143]), ('para', [144]), ('mayor', [145]), ('confirmaçaõ', [146]), ('do', [147]), ('muito', [148]), ('que', [149]), ('importa', [150]), (',', [151]), ('que', [152]), ('os', [153]), ('febricitantes', [154]), ('estejaõ', [155]), ('em', [156]), ('casas', [157]), ('frescas', [158]), (',', [159]), ('&', [160]), ('lavadas', [161]), ('dos', [162]), ('ares', [163]), (',', [164]), ('contarei', [165]), ('a', [166]), ('seguinte', [167]), ('Observaçaõ', [168]), ('.', [169])]	[('A', [0]), ('estas', [1]), ('perguntas', [2]), ('respondo', [3]), (',', [4]), ('que', [5]), ('todos', [6]), ('estes', [7]), ('remédios', [8]), ('pudera', [9]), ('fazer', [10]), (',', [11]), ('porque', [12]), ('de', [13]), ('todos', [14]), ('costumo', [15]), ('usar', [16]), ('com', [17]), ('grande', [18]), ('fortuna', [19]), (';', [20]), ('mas', [21]), ('que', [22]), ('não', [23]), ('me', [24]), ('vali', [25]), ('deles', [26]), (',', [27]), ('porque', [28]), ('como', [29]), ('o', [30]), ('calor', [31]), ('da', [32]), ('casa', [33]), (',', [34]), ('e', [35]), ('o', [36]), ('ar', [37]), (',', [38]), ('que', [39]), ('o', [40]), ('doente', [41]), ('respirava', [42]), (',', [43]), ('eram', [44]), ('os', [45]), ('maiores', [46]), ('cúmplices', [47]), ('da', [48]), ('febre', [49]), (',', [50]), ('e', [51]), ('da', [52]), ('sua', [53]), ('renitência', [54]), (',', [55]), ('importariam', [56]), ('pouco', [57]), ('todos', [58]), ('os', [59]), ('outros', [60]), ('remédios', [61]), (',', [62]), ('senão', [63]), ('mudasse', [64]), ('ao', [65]), ('doente', [66]), ('para', [67]), ('casa', [68]), ('fresca', [69]), (',', [70]), ('como', [71]), ('o', [72]), ('fiz', [73]), ('não', [74]), ('só', [75]), ('a', [76]), ('este', [77]), (',', [78]), ('mas', [79]), ('a', [80]), ('um', [81]), ('filho', [82]), ('de', [83]), ('um', [84]), ('sombreireiro', [85]), ('morador', [86]), ('ao', [87]), ('Tronco', [88]), (',', [89]), ('o', [90]), ('qual', [91]), ('teve', [92]), ('uma', [93]), ('febre', [94]), ('tão', [95]), ('teimosa', [96]), (',', [97]), ('que', [98]), ('a', [99]), ('nenhum', [100]), ('remédio', [101]), ('obedeceu', [102]), (',', [103]), ('até', [104]), ('que', [105]), ('soube', [106]), ('que', [107]), ('debaixo', [108]), ('da', [109]), ('sua', [110]), ('cama', [111]), ('ficava', [112]), ('a', [113]), ('fornalha', [114]), ('em', [115]), ('que', [116]), ('se', [117]), ('fabricavam', [118]), ('os', [119]), ('chapéus', [120]), (',', [121]), ('e', [122]), ('o', [123]), ('mesmo', [124]), ('foi', [125]), ('mudá-lo', [126]), ('para', [127]), ('outra', [128]), ('casa', [129]), ('fresca', [130]), (',', [131]), ('e', [132]), ('dar-lhe', [133]), ('a', [134]), ('água', [135]), ('nevada', [136]), (',', [137]), ('que', [138]), ('ter', [139]), ('logo', [140]), ('saúde', [141]), (';', [142]), ('e', [143]), ('para', [144]), ('maior', [145]), ('confirmação', [146]), ('do', [147]), ('muito', [148]), ('que', [149]), ('importa', [150]), (',', [151]), ('que', [152]), ('os', [153]), ('febricitantes', [154]), ('estejam', [155]), ('em', [156]), ('casas', [157]), ('frescas', [158]), (',', [159]), ('e', [160]), ('lavadas', [161]), ('dos', [162]), ('ares', [163]), (',', [164]), ('contarei', [165]), ('a', [166]), ('seguinte', [167]), ('Observação', [168]), ('.', [169])]


[('Em', [0]), ('casa', [1]), ('de', [2]), ('Antonio', [3]), ('Luis', [4]), ('Gonçalves', [5]), ('da', [6]), ('Camara', [7]), (',', [8]), ('Almotacel', [9]), ('Mòr', [10]), ('do', [11]), ('Reyno', [12]), (',', [13]), ('succedeo', [14]), (',', [15]), ('que', [16]), ('estando', [17]), ('hum', [18]), ('seu', [19]), ('criado', [20]), ('doente', [21]), ('com', [22]), ('hũa', [23]), ('febre', [24]), ('ardente', [25]), (',', [26]), ('acompanhada', [27]), ('com', [28]), ('muitos', [29]), ('delirios', [30]), (',', [31]), ('se', [32]), ('levantou', [33]), ('da', [34]), ('cama', [35]), (',', [36]), ('sendo', [37]), ('alta', [38]), ('noite', [39]), (',', [40]), ('&', [41]), ('abrindo', [42]), ('as', [43]), ('portas', [44]), ('sem', [45]), ('ser', [46]), ('sentido', [47]), (',', [48]), ('sahio', [49]), ('de', [50]), ('casa', [51]), (',', [52]), ('&', [53]), ('guiado', [54]), ('pelo', [55]), ('seu', [56]), ('delirio', [57]), (';', [58]), ('sem', [59]), ('saber', [60]), ('o', [61]), ('que', [62]), ('fazia', [63]), (',', [64]), ('foy', [65]), ('dar', [66]), ('comsigo', [67]), ('em', [68]), ('o', [69]), ('cano', [70]), ('real', [71]), (',', [72]), ('&', [73]), ('entrando', [74]), ('por', [75]), ('elle', [76]), ('dentro', [77]), ('cahio', [78]), ('desmayado', [79]), ('&', [80]), ('porque', [81]), ('esteve', [82]), ('cinco', [83]), ('horas', [84]), ('debaixo', [85]), ('da', [86]), ('abobada', [87]), (',', [88]), ('&', [89]), ('metido', [90]), ('na', [91]), ('agua', [92]), ('do', [93]), ('dito', [94]), ('cano', [95]), (',', [96]), ('se', [97]), ('temperou', [98]), (',', [99]), ('&', [100]), ('resfriou', [101]), ('de', [102]), ('sorte', [103]), ('o', [104]), ('calor', [105]), ('febril', [106]), (',', [107]), ('que', [108]), ('ao', [109]), ('amanhecer', [110]), ('se', [111]), ('achou', [112]), ('sem', [113]), ('febre', [114]), (',', [115]), ('&', [116]), ('sem', [117]), ('delirio', [118]), ('&', [119]), ('sahio', [120]), ('do', [121]), ('cano', [122]), (',', [123]), ('causando', [124]), ('admiraçaõ', [125]), ('aos', [126]), ('que', [127]), ('o', [128]), ('viraõ', [129]), ('sahir', [130]), (',', [131]), ('sem', [132]), ('saber', [133]), ('quem', [134]), ('alli', [135]), ('o', [136]), ('levara', [137]), ('.', [138])]	[('Em', [0]), ('casa', [1]), ('de', [2]), ('Antonio', [3]), ('Luis', [4]), ('Gonçalves', [5]), ('da', [6]), ('Camara', [7]), (',', [8]), ('Almotacel', [9]), ('Mor', [10]), ('do', [11]), ('Reino', [12]), (',', [13]), ('sucedeu', [14]), (',', [15]), ('que', [16]), ('estando', [17]), ('um', [18]), ('seu', [19]), ('criado', [20]), ('doente', [21]), ('com', [22]), ('uma', [23]), ('febre', [24]), ('ardente', [25]), (',', [26]), ('acompanhada', [27]), ('com', [28]), ('muitos', [29]), ('delírios', [30]), (',', [31]), ('se', [32]), ('levantou', [33]), ('da', [34]), ('cama', [35]), (',', [36]), ('sendo', [37]), ('alta', [38]), ('noite', [39]), (',', [40]), ('e', [41]), ('abrindo', [42]), ('as', [43]), ('portas', [44]), ('sem', [45]), ('ser', [46]), ('sentido', [47]), (',', [48]), ('saiu', [49]), ('de', [50]), ('casa', [51]), (',', [52]), ('e', [53]), ('guiado', [54]), ('pelo', [55]), ('seu', [56]), ('delírio', [57]), (';', [58]), ('sem', [59]), ('saber', [60]), ('o', [61]), ('que', [62]), ('fazia', [63]), (',', [64]), ('foi', [65]), ('dar', [66]), ('consigo', [67]), ('em', [68]), ('o', [69]), ('cano', [70]), ('real', [71]), (',', [72]), ('e', [73]), ('entrando', [74]), ('por', [75]), ('ele', [76]), ('dentro', [77]), ('caiu', [78]), ('desmaiado', [79]), ('e', [80]), ('porque', [81]), ('esteve', [82]), ('cinco', [83]), ('horas', [84]), ('debaixo', [85]), ('da', [86]), ('abóbada', [87]), (',', [88]), ('e', [89]), ('metido', [90]), ('na', [91]), ('água', [92]), ('do', [93]), ('dito', [94]), ('cano', [95]), (',', [96]), ('se', [97]), ('temperou', [98]), (',', [99]), ('e', [100]), ('resfriou', [101]), ('de', [102]), ('sorte', [103]), ('o', [104]), ('calor', [105]), ('febril', [106]), (',', [107]), ('que', [108]), ('ao', [109]), ('amanhecer', [110]), ('se', [111]), ('achou', [112]), ('sem', [113]), ('febre', [114]), (',', [115]), ('e', [116]), ('sem', [117]), ('delírio', [118]), ('e', [119]), ('saiu', [120]), ('do', [121]), ('cano', [122]), (',', [123]), ('causando', [124]), ('admiração', [125]), ('aos', [126]), ('que', [127]), ('o', [128]), ('viram', [129]), ('sair', [130]), (',', [131]), ('sem', [132]), ('saber', [133]), ('quem', [134]), ('ali', [135]), ('o', [136]), ('levara', [137]), ('.', [138])]


[('Destas', [0]), ('Obserações', [1]), ('aprendaõ', [2]), ('os', [3]), ('Medicos', [4]), ('modernos', [5]), (',', [6]), ('&', [7]), ('os', [8]), ('pays', [9]), ('de', [10]), ('familia', [11]), ('cinco', [12]), ('cousas', [13]), ('muito', [14]), ('importantes', [15]), (',', [16]), ('&', [17]), ('necessarias', [18]), ('para', [19]), ('curar', [20]), ('bem', [21]), ('aos', [22]), ('seus', [23]), ('doentes', [24]), ('.', [25])]	[('Destas', [0]), ('Observações', [1]), ('aprendam', [2]), ('os', [3]), ('Médicos', [4]), ('modernos', [5]), (',', [6]), ('e', [7]), ('os', [8]), ('pais', [23]), ('de', [10]), ('família', [11]), ('cinco', [12]), ('coisas', [13]), ('muito', [14]), ('importantes', [15]), (',', [16]), ('e', [17]), ('necessárias', [18]), ('para', [19]), ('curar', [20]), ('bem', [21]), ('aos', [22]), ('seus', [23]), ('doentes', [24]), ('.', [25])]


[('A', [0]), ('primeira', [1]), ('he', [2]), (',', [3]), ('que', [4]), ('tenhaõ', [5]), ('grande', [6]), ('cuidado', [7]), ('de', [8]), ('ter', [9]), ('aos', [10]), ('doentes', [11]), ('de', [12]), ('febres', [13]), ('ardentissimas', [14]), ('em', [15]), ('casas', [16]), ('frescas', [17]), (',', [18]), ('&', [19]), ('lavadas', [20]), ('do', [21]), ('ar', [22]), (',', [23]), ('porque', [24]), ('se', [25]), ('os', [26]), ('tiverem', [27]), ('em', [28]), ('casas', [29]), ('pequenas', [30]), (',', [31]), ('ou', [32]), ('abafadiças', [33]), (',', [34]), ('se', [35]), ('tirará', [36]), ('primeiro', [37]), ('a', [38]), ('vida', [39]), (',', [40]), ('que', [41]), ('a', [42]), ('febre', [43]), ('.', [44])]	[('A', [0]), ('primeira', [1]), ('é', [2]), (',', [3]), ('que', [4]), ('tenham', [5]), ('grande', [6]), ('cuidado', [7]), ('de', [8]), ('ter', [9]), ('aos', [10]), ('doentes', [11]), ('de', [12]), ('febres', [13]), ('ardentíssimas', [14]), ('em', [15]), ('casas', [16]), ('frescas', [17]), (',', [18]), ('e', [19]), ('lavadas', [20]), ('do', [21]), ('ar', [22]), (',', [23]), ('porque', [24]), ('se', [25]), ('os', [26]), ('tiverem', [27]), ('em', [28]), ('casas', [29]), ('pequenas', [30]), (',', [31]), ('ou', [32]), ('abafadiças', [33]), (',', [34]), ('se', [35]), ('tirará', [36]), ('primeiro', [37]), ('a', [38]), ('vida', [39]), (',', [40]), ('que', [41]), ('a', [42]), ('febre', [43]), ('.', [44])]


[('A', [0]), ('segunda', [1]), (',', [2]), ('que', [3]), ('nunca', [4]), ('deixem', [5]), ('aos', [6]), ('freneticos', [7]), ('sós', [8]), (',', [9]), ('nem', [10]), ('sem', [11]), ('companhia', [12]), ('de', [13]), ('gente', [14]), ('esperta', [15]), (',', [16]), ('&', [17]), ('cuidadosa', [18]), (',', [19]), ('porque', [20]), ('se', [21]), ('os', [22]), ('deixarem', [23]), ('sós', [24]), (',', [25]), ('os', [26]), ('arriscaõ', [27]), ('a', [28]), ('que', [29]), ('se', [30]), ('deitem', [31]), ('da', [32]), ('janella', [33]), ('abaixo', [34]), (',', [35]), ('como', [36]), ('já', [37]), ('vi', [38]), ('a', [39]), ('duas', [40]), ('mulheres', [41]), (',', [42]), ('moradoras', [43]), ('ambas', [44]), ('na', [45]), ('Tanoeria', [46]), (',', [47]), ('que', [48]), ('ambas', [49]), ('morrèraõ', [50]), ('precipitadas', [51]), (',', [52]), ('porque', [53]), ('estando', [54]), ('freneticas', [55]), ('as', [56]), ('deixaraõ', [57]), ('sós', [58]), (',', [59]), ('&', [60]), ('sem', [61]), ('companhia', [62]), (',', [63]), ('porque', [64]), ('a', [65]), ('que', [66]), ('tinhaõ', [67]), ('estava', [68]), ('dormindo', [69]), ('.', [70])]	[('A', [0]), ('segunda', [1]), (',', [2]), ('que', [3]), ('nunca', [4]), ('deixem', [5]), ('aos', [6]), ('frenéticos', [7]), ('sós', [8]), (',', [9]), ('nem', [10]), ('sem', [11]), ('companhia', [12]), ('de', [13]), ('gente', [14]), ('esperta', [15]), (',', [16]), ('e', [17]), ('cuidadosa', [18]), (',', [19]), ('porque', [20]), ('se', [21]), ('os', [22]), ('deixarem', [23]), ('sós', [24]), (',', [25]), ('os', [26]), ('arriscam', [27]), ('a', [28]), ('que', [29]), ('se', [30]), ('deitem', [31]), ('da', [32]), ('janela', [33]), ('abaixo', [34]), (',', [35]), ('como', [36]), ('já', [37]), ('vi', [38]), ('a', [39]), ('duas', [40]), ('mulheres', [41]), (',', [42]), ('moradoras', [43]), ('ambas', [44]), ('na', [45]), ('Tanoeria', [46]), (',', [47]), ('que', [48]), ('ambas', [49]), ('morreram', [50]), ('precipitadas', [51]), (',', [52]), ('porque', [53]), ('estando', [54]), ('frenéticas', [55]), ('as', [56]), ('deixaram', [57]), ('sós', [58]), (',', [59]), ('e', [60]), ('sem', [61]), ('companhia', [62]), (',', [63]), ('porque', [64]), ('a', [65]), ('que', [66]), ('tinham', [67]), ('estava', [68]), ('dormindo', [69]), ('.', [70])]


[('A', [0]), ('terceira', [1]), (',', [2]), ('que', [3]), ('na', [4]), ('casa', [5]), ('em', [6]), ('que', [7]), ('estiverem', [8]), ('os', [9]), ('frenéticos', [10]), ('naõ', [11]), ('aja', [12]), ('espadas', [13]), (',', [14]), ('nem', [15]), ('facas', [16]), (',', [17]), ('nem', [18]), ('armas', [19]), ('de', [20]), ('fogo', [21]), (',', [22]), ('porque', [23]), ('facilmente', [24]), ('pegaõ', [25]), ('nellas', [26]), (',', [27]), ('&', [28]), ('acometem', [29]), ('aos', [30]), ('que', [31]), ('estaõ', [32]), ('na', [33]), ('sua', [34]), ('companhia', [35]), (',', [36]), ('&', [37]), ('talvez', [38]), ('ao', [39]), ('Medico', [40]), ('q', [41]), ('os', [42]), ('vai', [43]), ('curar', [44]), (',', [45]), ('como', [46]), ('me', [47]), ('succedeo', [48]), ('a', [49]), ('mim', [50]), ('com', [51]), ('hum', [52]), ('frenetico', [53]), (',', [54]), ('que', [55]), ('entrando', [56]), ('eu', [57]), ('no', [58]), ('aposento', [59]), ('em', [60]), ('que', [61]), ('estava', [62]), (',', [63]), ('se', [64]), ('levantou', [65]), ('com', [66]), ('grande', [67]), ('furia', [68]), ('a', [69]), ('pegar', [70]), ('em', [71]), ('huma', [72]), ('espada', [73]), (',', [74]), ('&', [75]), ('foy', [76]), ('preciso', [77]), ('fecharlhe', [78]), ('a', [79]), ('porta', [80]), ('.', [81])]	[('A', [0]), ('terceira', [1]), (',', [2]), ('que', [3]), ('na', [4]), ('casa', [5]), ('em', [6]), ('que', [7]), ('estiverem', [8]), ('os', [9]), ('frenéticos', [10]), ('não', [11]), ('haja', [12]), ('espadas', [13]), (',', [14]), ('nem', [15]), ('facas', [16]), (',', [17]), ('nem', [18]), ('armas', [19]), ('de', [20]), ('fogo', [21]), (',', [22]), ('porque', [23]), ('facilmente', [24]), ('pegam', [25]), ('nelas', [26]), (',', [27]), ('e', [28]), ('acometem', [29]), ('aos', [30]), ('que', [31]), ('estão', [32]), ('na', [33]), ('sua', [34]), ('companhia', [35]), (',', [36]), ('e', [37]), ('talvez', [38]), ('ao', [39]), ('Médico', [40]), ('que', [41]), ('os', [42]), ('vai', [43]), ('curar', [44]), (',', [45]), ('como', [46]), ('me', [47]), ('sucedeu', [48]), ('a', [49]), ('mim', [50]), ('com', [51]), ('um', [52]), ('frenético', [53]), (',', [54]), ('que', [55]), ('entrando', [56]), ('eu', [57]), ('no', [58]), ('aposento', [59]), ('em', [60]), ('que', [61]), ('estava', [62]), (',', [63]), ('se', [64]), ('levantou', [65]), ('com', [66]), ('grande', [67]), ('fúria', [68]), ('a', [69]), ('pegar', [70]), ('em', [71]), ('uma', [72]), ('espada', [73]), (',', [74]), ('e', [75]), ('foi', [76]), ('preciso', [77]), ('fechar-lhe', [78]), ('a', [79]), ('porta', [80]), ('.', [81])]


[('A', [0]), ('quarta', [1]), ('he', [2]), (',', [3]), ('que', [4]), ('as', [5]), ('sangrias', [6]), ('dos', [7]), ('freneticos', [8]), ('se', [9]), ('assegurem', [10]), ('mui', [11]), ('bem', [12]), ('com', [13]), ('duas', [14]), (',', [15]), ('ou', [16]), ('tres', [17]), ('ataduras', [18]), (';', [19]), ('porque', [20]), ('com', [21]), ('os', [22]), ('continuos', [23]), ('movimentos', [24]), (',', [25]), ('&', [26]), ('forças', [27]), ('que', [28]), ('fazem', [29]), (',', [30]), ('se', [31]), ('lhes', [32]), ('póde', [33]), ('soltar', [34]), ('o', [35]), ('sangue', [36]), (',', [37]), ('&', [38]), ('amanhecerem', [39]), ('esgotados', [40]), (',', [41]), ('&', [42]), ('mortos', [43]), (',', [44]), ('como', [45]), ('já', [46]), ('succedeo', [47]), ('a', [48]), ('hum', [49]), ('homem', [50]), ('morador', [51]), ('na', [52]), ('Pampulha', [53]), ('.', [54])]	[('A', [0]), ('quarta', [1]), ('é', [2]), (',', [3]), ('que', [4]), ('as', [5]), ('sangrias', [6]), ('dos', [7]), ('frenéticos', [8]), ('se', [9]), ('assegurem', [10]), ('muito', [11]), ('bem', [12]), ('com', [13]), ('duas', [14]), (',', [15]), ('ou', [16]), ('três', [17]), ('ataduras', [18]), (';', [19]), ('porque', [20]), ('com', [21]), ('os', [22]), ('contínuos', [23]), ('movimentos', [24]), (',', [25]), ('e', [26]), ('forças', [27]), ('que', [28]), ('fazem', [29]), (',', [30]), ('se', [31]), ('lhes', [32]), ('pode', [33]), ('soltar', [34]), ('o', [35]), ('sangue', [36]), (',', [37]), ('e', [38]), ('amanhecerem', [39]), ('esgotados', [40]), (',', [41]), ('e', [42]), ('mortos', [43]), (',', [44]), ('como', [45]), ('já', [46]), ('sucedeu', [47]), ('a', [48]), ('um', [49]), ('homem', [50]), ('morador', [51]), ('na', [52]), ('Pampulha', [53]), ('.', [54])]


[('A', [0]), ('quinta', [1]), ('he', [2]), (',', [3]), ('que', [4]), ('supposto', [5]), ('encomendo', [6]), ('muito', [7]), ('(', [8]), ('com', [9]), ('os', [10]), ('sobreditos', [11]), ('Authores', [12]), (')', [13]), ('que', [14]), ('o', [15]), ('ar', [16]), ('da', [17]), ('casa', [18]), ('em', [19]), ('que', [20]), ('estiver', [21]), ('o', [22]), ('febricitante', [23]), ('seja', [24]), ('fresco', [25]), ('por', [26]), ('natureza', [27]), (',', [28]), ('ou', [29]), ('por', [30]), ('artificio', [31]), (',', [32]), ('que', [33]), ('isto', [34]), ('se', [35]), ('deve', [36]), ('entender', [37]), ('do', [38]), ('ar', [39]), (',', [40]), ('que', [41]), ('o', [42]), ('doente', [43]), ('ha', [44]), ('de', [45]), ('respirar', [46]), ('pela', [47]), ('boca', [48]), (',', [49]), ('&', [50]), ('ventas', [51]), ('do', [52]), ('nariz', [53]), (';', [54]), ('mas', [55]), ('naõ', [56]), ('do', [57]), ('ar', [58]), (',', [59]), ('que', [60]), ('cobrir', [61]), ('o', [62]), ('corpo', [63]), (';', [64]), ('porque', [65]), ('se', [66]), ('o', [67]), ('corpo', [68]), ('estiver', [69]), ('descuberto', [70]), ('em', [71]), ('casa', [72]), ('de', [73]), ('ar', [74]), ('frio', [75]), (',', [76]), ('se', [77]), ('fecharaõ', [78]), ('os', [79]), ('póros', [80]), ('da', [81]), ('pelle', [82]), (',', [83]), ('&', [84]), ('consequentemente', [85]), ('se', [86]), ('prohibirá', [87]), ('a', [88]), ('transpiraçaõ', [89]), (',', [90]), ('o', [91]), ('que', [92]), ('seria', [93]), ('hum', [94]), ('grandissimo', [95]), ('impedimento', [96]), ('para', [97]), ('recuperar', [98]), ('a', [99]), ('saude', [100]), (';', [101]), ('por', []), ('tanto', [102]), ('encomendo', [103]), ('muito', [104]), (',', [105]), ('que', [106]), ('o', [107]), ('corpo', [108]), ('do', [109]), ('febricitante', [110]), ('esteja', [111]), ('sempre', [112]), ('bem', [113]), ('cuberto', [114]), (',', [115]), ('para', [116]), ('q', [117]), ('os', [118]), ('póros', [119]), ('estejaõ', [120]), ('abertos', [121]), (',', [122]), ('&', [123]), ('se', [124]), ('continue', [125]), ('a', [126]), ('transpiraçaõ', [127]), (',', [128]), ('pois', [129]), ('he', [130]), ('mais', [131]), ('util', [132]), ('que', [133]), ('as', [134]), ('outras', [135]), ('evacuações', [136]), ('juntas', [137]), ('.', [138])]	[('A', [0]), ('quinta', [1]), ('é', [2]), (',', [3]), ('que', [4]), ('suposto', [5]), ('encomendo', [6]), ('muito', [7]), ('(', [8]), ('com', [9]), ('os', [10]), ('sobreditos', [11]), ('Autores', [12]), (')', [13]), ('que', [14]), ('o', [15]), ('ar', [16]), ('da', [17]), ('casa', [18]), ('em', [19]), ('que', [20]), ('estiver', [21]), ('o', [22]), ('febricitante', [23]), ('seja', [24]), ('fresco', [25]), ('por', [26]), ('natureza', [27]), (',', [28]), ('ou', [29]), ('por', [30]), ('artifício', [31]), (',', [32]), ('que', [33]), ('isto', [34]), ('se', [35]), ('deve', [36]), ('entender', [37]), ('do', [38]), ('ar', [39]), (',', [40]), ('que', [41]), ('o', [42]), ('doente', [43]), ('há', [44]), ('de', [45]), ('respirar', [46]), ('pela', [47]), ('boca', [48]), (',', [49]), ('e', [50]), ('ventas', [51]), ('do', [52]), ('nariz', [53]), (';', [54]), ('mas', [55]), ('não', [56]), ('do', [57]), ('ar', [58]), (',', [59]), ('que', [60]), ('cobrir', [61]), ('o', [62]), ('corpo', [63]), (';', [64]), ('porque', [65]), ('se', [66]), ('o', [67]), ('corpo', [68]), ('estiver', [69]), ('descoberto', [70]), ('em', [71]), ('casa', [72]), ('de', [73]), ('ar', [74]), ('frio', [75]), (',', [76]), ('se', [77]), ('fecharão', [78]), ('os', [79]), ('poros', [80]), ('da', [81]), ('pele', [82]), (',', [83]), ('e', [84]), ('consequentemente', [85]), ('se', [86]), ('proibirá', [87]), ('a', [88]), ('transpiração', [89]), (',', [90]), ('o', [91]), ('que', [92]), ('seria', [93]), ('um', [94]), ('grandíssimo', [95]), ('impedimento', [96]), ('para', [97]), ('recuperar', [98]), ('a', [99]), ('saúde', [100]), (';', [101]), ('portanto', [103]), ('encomendo', [104]), ('muito', [105]), (',', [106]), ('que', [107]), ('o', [108]), ('corpo', [109]), ('do', [110]), ('febricitante', [111]), ('esteja', [112]), ('sempre', [113]), ('bem', [114]), ('coberto', [115]), (',', [116]), ('para', [117]), ('que', [118]), ('os', [119]), ('poros', [120]), ('estejam', [121]), ('abertos', [122]), (',', [123]), ('e', [124]), ('se', [125]), ('continue', [126]), ('a', [127]), ('transpiração', [128]), (',', [129]), ('pois', [130]), ('é', [131]), ('mais', [132]), ('útil', [133]), ('que', [134]), ('as', [135]), ('outras', [136]), ('evacuações', [137]), ('juntas', [138]), ('.', [139])]


